sample_name,uploader,upload_date,overall_job_status,runtime_seconds,total_reads,passed_filters,passed_filters_percent,total_ercc_reads,subsampled_fraction,quality_control,compression_ratio,reads_after_star,reads_after_trimmomatic,reads_after_priceseq,reads_after_cdhitdup,reads_after_idseq_dedup,reads_after_czid_dedup,host_organism,notes,insert_size_median,insert_size_mode,insert_size_median_absolute_deviation,insert_size_min,insert_size_max,insert_size_mean,insert_size_standard_deviation,insert_size_read_pairs,sample_type,nucleotide_type,collection_location
AM_N_056,Lauren Mee,2022-09-08 05:45:40 -0700,COMPLETE,4456,54482796,101572,0.186,0,1.0,62.203,1.21,790274,787800,491570,"","",404972,Bee,"","","","","","","","","",Abdomen,RNA,United Kingdom
AM_N_068,Lauren Mee,2022-09-08 07:38:16 -0700,COMPLETE,13250,47023956,21151562,44.98,0,0.450894,96.659,4.59,22363876,22360004,21616708,"","",4705786,Bee,"","","","","","","","","",Abdomen,RNA,United Kingdom
AM_N_072,Lauren Mee,2022-09-08 07:38:16 -0700,COMPLETE,21604,58727372,33190070,56.516,0,0.322384,96.525,5.15,35063728,35059684,33845340,"","",6569188,Bee,"","","","","","","","","",Abdomen,RNA,United Kingdom
BT_N_001,Lauren Mee,2022-09-08 07:38:16 -0700,COMPLETE,25702,59387534,25375279,42.728,0,0.117703,94.304,1.46,38160286,38150650,35986838,"","",24667974,Bee,"","","","","","","","","",Abdomen,RNA,United Kingdom
BT_N_025,Lauren Mee,2022-09-08 07:38:16 -0700,COMPLETE,32200,71269776,31919036,44.786,0,0.0950659,94.02,1.45,46420812,46403406,43644628,"","",30024420,Bee,"","","","","","","","","",Abdomen,RNA,United Kingdom
BT_N_029,Lauren Mee,2022-09-08 07:38:16 -0700,COMPLETE,29964,58462570,25618725,43.821,0,0.112175,93.768,1.39,38465082,38450046,36067908,"","",25901644,Bee,"","","","","","","","","",Abdomen,RNA,United Kingdom
AM_N_068_1,Lauren Mee,2022-09-08 07:40:47 -0700,COMPLETE,16157,47023956,21151680,44.981,0,0.45209,96.659,4.59,22363876,22360004,21616708,"","",4705786,Bee,"","","","","","","","","",Abdomen,RNA,United Kingdom
AM_N_072_1,Lauren Mee,2022-09-08 07:42:47 -0700,COMPLETE,15001,58727372,33190109,56.516,0,0.319133,96.525,5.15,35063728,35059684,33845340,"","",6569188,Bee,"","","","","","","","","",Abdomen,RNA,United Kingdom
BT_N_001_1,Lauren Mee,2022-09-08 07:42:48 -0700,COMPLETE,17526,59387534,25378335,42.733,0,0.118234,94.304,1.46,38160286,38150650,35986838,"","",24667974,Bee,"","","","","","","","","",Abdomen,RNA,United Kingdom
SRR10034516,Lauren Mee,2022-09-12 09:39:15 -0700,COMPLETE,18757,99075680,1743184,1.759,0,1.0,90.415,2.92,13592416,13505108,12289596,"","",4202980,Bee,"","","","","","","","","",Midgut,RNA,China
SRR18500045,Lauren Mee,2022-09-12 09:48:45 -0700,COMPLETE,7730,55804110,3663068,6.564,0,1.0,97.49,4.35,4133362,4065070,4029592,"","",927180,Bee,"","","","","","","","","",10 Pooled Whole Bodies,RNA,New Zealand
SRR1503129,Lauren Mee,2022-09-12 09:55:46 -0700,COMPLETE,18342,17113988,7801559,45.586,0,0.320187,86.806,1.25,12948266,12948252,11239826,"","",8970662,Bee,"","","","","","","","","",Whole Body,RNA,Germany
SRR10034517,Lauren Mee,2022-09-12 10:25:54 -0700,COMPLETE,16254,87175480,1668502,1.914,0,1.0,89.49,3.23,12509822,12399972,11195072,"","",3460974,Bee,"","","","","","","","","",Midgut,RNA,China
SRR10034518,Lauren Mee,2022-09-12 10:56:38 -0700,COMPLETE,14572,110841204,1757302,1.585,0,1.0,90.826,2.89,15850034,15754448,14395920,"","",4979772,Bee,"","","","","","","","","",Midgut,RNA,China
SRR10034523,Lauren Mee,2022-09-12 12:38:01 -0700,COMPLETE,11560,111825446,1875994,1.678,0,1.0,89.801,4.16,14932658,14816652,13409654,"","",3220218,Bee,"","","","","","","","","",Midgut,RNA,China
SRR5109820,Lauren Mee,2022-09-12 12:49:38 -0700,COMPLETE,15453,40214438,10788810,26.828,0,0.268833,91.095,1.44,13838024,13834600,12605756,"","",8755456,Bee,"","","","","","","","","",Thorax and Abdomen,RNA,South Africa
SRR5109826,Lauren Mee,2022-09-12 13:01:54 -0700,COMPLETE,13319,84044582,32107222,38.203,0,0.301947,93.657,4.28,36877094,36870848,34537920,"","",8071804,Bee,"","","","","","","","","",Thorax and Abdomen,RNA,South Africa
SRR5109829,Lauren Mee,2022-09-12 13:15:32 -0700,COMPLETE,14641,90787598,49229325,54.225,12,0.195034,93.893,4.58,53927362,53920198,50633836,"","",11047372,Bee,"","","","","","","","","",Thorax and Abdomen,RNA,Netherlands
SRR5109831,Lauren Mee,2022-09-12 13:24:36 -0700,COMPLETE,12593,37640156,3503022,9.307,0,0.94364,84.854,1.65,5449796,5336026,4624368,"","",2805780,Bee,"","","","","","","","","",Thorax and Abdomen,RNA,South Africa
SRR5109832,Lauren Mee,2022-09-12 13:37:38 -0700,COMPLETE,14085,89462246,10964692,12.256,4,0.344475,91.627,1.91,15091468,15076242,13827898,"","",7255220,Bee,"","","","","","","","","",Thorax and Abdomen,RNA,South Africa
SRR5109833,Lauren Mee,2022-09-12 13:48:43 -0700,COMPLETE,12670,41030460,7322876,17.847,2,0.484788,91.034,1.74,9310580,9307700,8475822,"","",4884552,Bee,"","","","","","","","","",Thorax and Abdomen,RNA,South Africa
SRR1380984,Lauren Mee,2022-09-12 14:03:22 -0700,COMPLETE,6243,52489846,5580648,10.632,0,0.824644,72.419,2.27,15548158,15520904,11259820,"","",4955408,Bee,"","","","","","","","","",Gut,RNA,South Korea
SRR18500044,Lauren Mee,2022-09-12 14:20:26 -0700,COMPLETE,6006,61748118,249190,0.404,0,1.0,89.672,1.66,629220,578646,564234,"","",339794,Bee,"","","","","","","","","",10 Pooled Whole Bodies,RNA,New Zealand
SRR18500043,Lauren Mee,2022-09-12 14:31:28 -0700,COMPLETE,7127,49980378,1084470,2.17,0,1.0,92.894,1.91,1718296,1624946,1596196,"","",836070,Bee,"","","","","","","","","",10 Pooled Whole Bodies,RNA,New Zealand
SRR18500042,Lauren Mee,2022-09-12 14:42:28 -0700,COMPLETE,13055,55614222,19425307,34.929,0,0.49936,98.624,4.62,20515016,20375028,20232712,"","",4379372,Bee,"","","","","","","","","",10 Pooled Whole Bodies,RNA,New Zealand
SRR18500050,Lauren Mee,2022-09-12 14:52:34 -0700,COMPLETE,7705,46685198,5654588,12.112,2,1.0,94.796,4.13,6925048,6655100,6564644,"","",1589874,Bee,"","","","","","","","","",10 Pooled Whole Bodies,RNA,New Zealand
SRR18500061,Lauren Mee,2022-09-12 15:03:20 -0700,COMPLETE,3931,52798936,311124,0.589,0,1.0,87.293,1.73,723374,649622,631456,"","",365484,Bee,"","","","","","","","","",10 Pooled Whole Bodies,RNA,New Zealand
SRR18500072,Lauren Mee,2022-09-12 15:15:15 -0700,COMPLETE,7954,44812704,1883780,4.204,0,1.0,95.122,2.35,2509354,2418184,2386952,"","",1016076,Bee,"","","","","","","","","",10 Pooled Whole Bodies,RNA,New Zealand
SRR18500076,Lauren Mee,2022-09-12 15:27:06 -0700,COMPLETE,6138,49473290,782276,1.581,0,1.0,89.42,2.03,1558938,1428354,1394002,"","",687886,Bee,"","","","","","","","","",10 Pooled Whole Bodies,RNA,New Zealand
SRR18500077,Lauren Mee,2022-09-12 15:37:55 -0700,COMPLETE,11288,53602794,5809238,10.838,4,1.0,97.666,3.99,6393878,6294972,6244642,"","",1563566,Bee,"","","","","","","","","",10 Pooled Whole Bodies,RNA,New Zealand
SRR18500078,Lauren Mee,2022-09-12 15:52:53 -0700,COMPLETE,7642,60261536,5518262,9.157,0,1.0,97.541,4.57,6131396,6029510,5980602,"","",1309754,Bee,"","","","","","","","","",10 Pooled Whole Bodies,RNA,New Zealand
SRR18500079,Lauren Mee,2022-09-12 16:07:44 -0700,COMPLETE,10988,57307776,14422640,25.167,4,0.793527,98.808,5.45,14979362,14891142,14800848,"","",2715954,Bee,"","","","","","","","","",10 Pooled Whole Bodies,RNA,New Zealand
SRR18500080,Lauren Mee,2022-09-12 16:22:09 -0700,COMPLETE,8720,59327672,2821636,4.756,6,1.0,94.86,2.26,3714062,3571848,3523162,"","",1558994,Bee,"","","","","","","","","",10 Pooled Whole Bodies,RNA,New Zealand
SRR18500081,Lauren Mee,2022-09-13 02:28:33 -0700,COMPLETE,6271,70006470,430086,0.614,0,1.0,91.578,1.82,911994,852932,835184,"","",460098,Bee,"","","","","","","","","",10 Pooled Whole Bodies,RNA,New Zealand
SRR18500082,Lauren Mee,2022-09-13 02:42:22 -0700,COMPLETE,5353,56283654,368188,0.654,0,1.0,88.878,1.77,832480,758064,739892,"","",417914,Bee,"","","","","","","","","",10 Pooled Whole Bodies,RNA,New Zealand
SRR18500083,Lauren Mee,2022-09-13 02:53:28 -0700,COMPLETE,6091,61193534,1663444,2.718,0,1.0,93.377,2.94,2465000,2341814,2301744,"","",783868,Bee,"","","","","","","","","",10 Pooled Whole Bodies,RNA,New Zealand
SRR18500084,Lauren Mee,2022-09-13 03:02:48 -0700,COMPLETE,7056,58357552,3278296,5.618,0,1.0,96.161,3.61,4084092,3970934,3927310,"","",1088748,Bee,"","","","","","","","","",10 Pooled Whole Bodies,RNA,New Zealand
SRR18500085,Lauren Mee,2022-09-13 03:09:13 -0700,COMPLETE,10927,42643264,2819918,6.613,0,1.0,97.421,1.89,4649048,4571794,4529124,"","",2396176,Bee,"","","","","","","","","",10 Pooled Whole Bodies,RNA,New Zealand
SRR18500086,Lauren Mee,2022-09-13 03:15:56 -0700,COMPLETE,6758,47757222,887274,1.858,0,1.0,92.308,2.03,1647936,1550572,1521176,"","",750036,Bee,"","","","","","","","","",10 Pooled Whole Bodies,RNA,New Zealand
SRR18500087,Lauren Mee,2022-09-13 03:23:42 -0700,COMPLETE,5518,52955132,795010,1.501,0,1.0,95.045,1.69,1313532,1267382,1248448,"","",738936,Bee,"","","","","","","","","",10 Pooled Whole Bodies,RNA,New Zealand
SRR18500088,Lauren Mee,2022-09-13 03:31:48 -0700,COMPLETE,8148,43416592,1488066,3.427,0,1.0,98.606,2.46,3430908,3405128,3383096,"","",1377060,Bee,"","","","","","","","","",10 Pooled Whole Bodies,RNA,New Zealand
SRR18500089,Lauren Mee,2022-09-13 03:40:00 -0700,COMPLETE,7105,45018452,3889498,8.64,0,1.0,97.896,4.14,4250164,4195534,4160734,"","",1004604,Bee,"","","","","","","","","",10 Pooled Whole Bodies,RNA,New Zealand
SRR18500090,Lauren Mee,2022-09-13 03:50:18 -0700,COMPLETE,10978,53962136,14197653,26.31,0,0.685702,98.834,4.6,15195172,15107368,15017922,"","",3261348,Bee,"","","","","","","","","",10 Pooled Whole Bodies,RNA,New Zealand
SRR18500091,Lauren Mee,2022-09-13 04:03:36 -0700,COMPLETE,7468,69089802,4608902,6.671,0,1.0,97.521,3.23,5296682,5210892,5165356,"","",1599820,Bee,"","","","","","","","","",10 Pooled Whole Bodies,RNA,New Zealand
SRR17475010,Lauren Mee,2022-09-13 05:09:51 -0700,COMPLETE,2946,42186296,33982,0.081,0,1.0,74.125,1.28,2619468,2384232,1941692,"","",1517340,Bee,"","","","","","","","","",abdomen,RNA,China
SRR17475011,Lauren Mee,2022-09-13 05:20:22 -0700,COMPLETE,2809,50096928,34214,0.068,0,1.0,78.759,1.29,2680432,2628514,2111092,"","",1642686,Bee,"","","","","","","","","",abdomen,RNA,China
SRR17475012,Lauren Mee,2022-09-13 05:31:28 -0700,COMPLETE,2347,44898062,45340,0.101,0,1.0,77.954,1.28,2146872,2117760,1673574,"","",1311032,Bee,"","","","","","","","","",abdomen,RNA,China
SRR17475013,Lauren Mee,2022-09-13 05:43:10 -0700,COMPLETE,2953,46938186,60814,0.13,0,1.0,77.611,1.29,2627410,2565436,2039154,"","",1580624,Bee,"","","","","","","","","",abdomen,RNA,China
SRR17475014,Lauren Mee,2022-09-13 05:55:58 -0700,COMPLETE,7710,53344318,102200,0.192,0,1.0,72.696,1.29,2924628,2886288,2126076,"","",1654454,Bee,"","","","","","","","","",abdomen,RNA,China
SRR13404632,Lauren Mee,2022-09-13 06:36:33 -0700,COMPLETE,15137,111277030,14105556,12.676,0,0.159764,92.973,3.1,55131740,55130722,51257602,"","",16509876,Bee,"","","","","","","","","",pooled whole bodies ,RNA,Israel
SRR13404634,Lauren Mee,2022-09-13 06:52:20 -0700,COMPLETE,10389,91329024,24547584,26.878,0,0.15173,91.461,1.88,31971340,31970836,29241156,"","",15525502,Bee,"","","","","","","","","",pooled whole bodies ,RNA,Israel
SRR13404636,Lauren Mee,2022-09-13 07:05:46 -0700,COMPLETE,14492,83834060,14876594,17.745,0,0.157268,91.88,2.03,33832526,33831842,31085312,"","",15346692,Bee,"","","","","","","","","",pooled whole bodies ,RNA,Israel
SRR13404641,Lauren Mee,2022-09-13 07:18:49 -0700,COMPLETE,11420,81608252,21329931,26.137,0,0.17901,92.202,1.98,25447874,25447754,23463416,"","",11838122,Bee,"","","","","","","","","",pooled whole bodies ,RNA,Israel
SRR13189057,Lauren Mee,2022-09-13 07:25:42 -0700,COMPLETE,3441,32850332,541830,1.649,0,1.0,88.313,1.34,1120082,1118552,989180,"","",735786,Bee,"","","","","","","","","",gut,RNA,China
SRR13189058,Lauren Mee,2022-09-13 07:32:06 -0700,COMPLETE,5758,37358100,1746758,4.676,0,1.0,92.744,1.47,2395380,2391882,2221560,"","",1511204,Bee,"","","","","","","","","",gut,RNA,China
SRR13189059,Lauren Mee,2022-09-13 07:38:50 -0700,COMPLETE,3282,35753438,793256,2.219,0,1.0,88.561,1.34,1332284,1329394,1179886,"","",877364,Bee,"","","","","","","","","",gut,RNA,China
SRR13189063,Lauren Mee,2022-09-13 07:45:49 -0700,COMPLETE,2247,36666998,65498,0.179,0,1.0,80.568,1.25,538084,537050,433524,"","",345492,Bee,"","","","","","","","","",gut,RNA,China
SRR13189066,Lauren Mee,2022-09-13 07:53:05 -0700,COMPLETE,8078,37086520,8402379,22.656,0,0.753076,96.248,2.96,9306788,9304196,8957590,"","",3022168,Bee,"","","","","","","","","",gut,RNA,China
SRR13189067,Lauren Mee,2022-09-13 08:00:31 -0700,COMPLETE,1730,37577972,29510,0.079,0,1.0,73.011,1.28,537530,535864,392456,"","",305604,Bee,"","","","","","","","","",gut,RNA,China
SRR12097444,Lauren Mee,2022-09-13 08:12:45 -0700,COMPLETE,2313,87308440,241394,0.276,0,1.0,72.476,1.57,1770772,1764834,1283392,"","",815384,Bee,"","","","","","","","","",pooled gut,RNA,Germany
SRR12097445,Lauren Mee,2022-09-13 08:27:52 -0700,COMPLETE,2077,80316132,224374,0.279,0,1.0,74.421,1.64,1706468,1700626,1269968,"","",772140,Bee,"","","","","","","","","",pooled gut,RNA,Germany
SRR12097446,Lauren Mee,2022-09-13 08:43:17 -0700,COMPLETE,2538,84443108,228280,0.27,2,1.0,73.485,1.59,1752584,1747028,1287878,"","",810934,Bee,"","","","","","","","","",pooled gut,RNA,Germany
SRR12097447,Lauren Mee,2022-09-13 09:01:54 -0700,COMPLETE,3399,92591964,253872,0.274,0,1.0,73.844,1.62,1945412,1939628,1436578,"","",886800,Bee,"","","","","","","","","",pooled gut,RNA,Germany
SRR8867392,Lauren Mee,2022-09-13 09:10:45 -0700,COMPLETE,8740,27672054,10476763,37.86,0,0.497905,88.601,2.6,11964896,11920944,10601054,"","",4077740,Bee,"","","","","","","","","",pooled whole bodies,RNA,"Hawaii, USA"
SRR8867393,Lauren Mee,2022-09-13 09:18:06 -0700,COMPLETE,9044,35562276,7260412,20.416,0,0.978504,85.876,3.49,8675934,8570490,7450534,"","",2137104,Bee,"","","","","","","","","",pooled whole bodies,RNA,"Hawaii, USA"
SRR8867394,Lauren Mee,2022-09-13 09:28:00 -0700,COMPLETE,17199,47278224,30598702,64.72,0,0.268696,88.164,4.1,34834528,34571388,30711396,"","",7495888,Bee,"","","","","","","","","",pooled whole bodies,RNA,"Hawaii, USA"
SRR8867395,Lauren Mee,2022-09-13 09:33:42 -0700,COMPLETE,7188,24509166,1374120,5.607,0,1.0,74.257,1.57,2109754,2053586,1566646,"","",995058,Bee,"","","","","","","","","",pooled whole bodies,RNA,"Hawaii, USA"
SRR8754036,Lauren Mee,2022-09-13 09:39:45 -0700,COMPLETE,1542,33156916,105284,0.318,0,1.0,83.457,1.26,548342,548148,457632,"","",362802,Bee,"","","","","","","","","",whole body,RNA,"North Dakota, USA"
SRR8754037,Lauren Mee,2022-09-13 09:45:40 -0700,COMPLETE,1582,30570846,25584,0.084,0,1.0,80.733,1.28,665710,665258,537444,"","",420328,Bee,"","","","","","","","","",whole body,RNA,"North Dakota, USA"
SRR8754038,Lauren Mee,2022-09-13 09:52:43 -0700,COMPLETE,2069,34058376,117912,0.346,0,1.0,84.974,1.3,873046,872454,741866,"","",572666,Bee,"","","","","","","","","",whole body,RNA,"North Dakota, USA"
SRR8754039,Lauren Mee,2022-09-13 09:58:00 -0700,COMPLETE,10454,29089854,11645862,40.034,0,1.0,92.019,5.57,12850798,12850624,11825204,"","",2123418,Bee,"","","","","","","","","",whole body,RNA,"North Dakota, USA"
SRR8754040,Lauren Mee,2022-09-13 10:02:43 -0700,COMPLETE,1203,24981824,107348,0.43,0,1.0,81.214,1.27,773232,773032,627976,"","",496076,Bee,"","","","","","","","","",whole body,RNA,"North Dakota, USA"
SRR8754041,Lauren Mee,2022-09-13 10:06:33 -0700,COMPLETE,1235,21312870,18132,0.085,0,1.0,82.545,1.22,511288,511192,422044,"","",346500,Bee,"","","","","","","","","",whole body,RNA,"North Dakota, USA"
SRR8754042,Lauren Mee,2022-09-13 10:15:45 -0700,COMPLETE,3141,42523320,53758,0.126,0,1.0,85.344,1.3,1033930,1033526,882392,"","",678440,Bee,"","","","","","","","","",whole body,RNA,"North Dakota, USA"
SRR8754043,Lauren Mee,2022-09-13 10:21:33 -0700,COMPLETE,3817,26427434,44744,0.169,0,1.0,79.568,1.33,606098,605892,482260,"","",363256,Bee,"","","","","","","","","",whole body,RNA,"North Dakota, USA"
SRR8754044,Lauren Mee,2022-09-13 10:25:35 -0700,COMPLETE,2957,20601326,26620,0.129,0,1.0,75.055,1.1,533456,533272,400386,"","",363696,Bee,"","","","","","","","","",whole body,RNA,"North Dakota, USA"
SRR15496106,Lauren Mee,2022-09-14 01:39:52 -0700,COMPLETE,3324,20477101,193945,0.947,0,1.0,99.999,1.78,291142,291142,291138,"","",163463,Bee,"","","","","","","","","",abdomen,RNA,China
SRR15496107,Lauren Mee,2022-09-14 01:41:04 -0700,COMPLETE,3036,20477101,186061,0.909,0,1.0,100.0,1.87,290850,290849,290849,"","",155200,Bee,"","","","","","","","","",abdomen,RNA,China
SRR15496108,Lauren Mee,2022-09-14 01:42:15 -0700,COMPLETE,2609,23558338,124631,0.529,0,1.0,99.999,1.34,232542,232540,232539,"","",173506,Bee,"","","","","","","","","",abdomen,RNA,China
SRR15496109,Lauren Mee,2022-09-14 01:43:35 -0700,COMPLETE,2667,23558338,114452,0.486,0,1.0,100.0,1.44,211213,211213,211213,"","",147019,Bee,"","","","","","","","","",abdomen,RNA,China
SRR15496114,Lauren Mee,2022-09-14 01:44:56 -0700,COMPLETE,2602,22211064,962325,4.333,0,1.0,99.999,5.66,1052279,1052279,1052269,"","",186039,Bee,"","","","","","","","","",abdomen,RNA,China
SRR15496115,Lauren Mee,2022-09-14 01:46:12 -0700,COMPLETE,2948,22211064,954878,4.299,0,1.0,100.0,6.73,1040975,1040975,1040975,"","",154577,Bee,"","","","","","","","","",abdomen,RNA,China
SRR8335255,Lauren Mee,2022-09-14 03:13:45 -0700,COMPLETE,5800,57832244,1026532,1.775,0,1.0,79.973,1.2,2102230,2095590,1681208,"","",1396080,Bee,"","","","","","","","","",whole body,RNA,China
SRR8335256,Lauren Mee,2022-09-14 03:25:36 -0700,COMPLETE,9514,55803140,6037420,10.819,0,0.487122,90.009,1.44,7861498,7851002,7076068,"","",4897378,Bee,"","","","","","","","","",whole body,RNA,China
SRR8335257,Lauren Mee,2022-09-14 03:37:40 -0700,COMPLETE,5522,54772400,1054846,1.926,0,1.0,77.055,1.2,2128972,2117540,1640478,"","",1371982,Bee,"","","","","","","","","",whole body,RNA,China
SRR8335258,Lauren Mee,2022-09-14 03:53:44 -0700,COMPLETE,11566,61526972,4894912,7.956,0,0.506558,92.517,1.32,6933504,6931048,6414654,"","",4865264,Bee,"","","","","","","","","",whole body,RNA,China
SRR5387735,Lauren Mee,2022-09-14 04:02:21 -0700,COMPLETE,6354,31507082,3872134,12.29,0,1.0,64.962,2.73,6399648,6398256,4157358,"","",1524248,Bee,"","","","","","","","","",whole body,RNA,China
SRR5387737,Lauren Mee,2022-09-14 04:07:43 -0700,COMPLETE,10496,24077114,4229026,17.565,0,1.0,67.32,3.01,6645236,6644320,4473564,"","",1487992,Bee,"","","","","","","","","",whole body,RNA,China
SRR5387738,Lauren Mee,2022-09-14 04:13:20 -0700,COMPLETE,17648,26538502,7763959,29.255,0,0.859434,68.49,3.29,11868604,11867386,8128748,"","",2469764,Bee,"","","","","","","","","",whole body,RNA,China
SRR5117442,Lauren Mee,2022-09-14 04:30:39 -0700,COMPLETE,16096,61193250,51063404,83.446,0,0.100436,91.658,2.59,56403774,56400314,51698510,"","",19961778,Bee,"","","","","","","","","",whole body,RNA,Australia
SRR5117443,Lauren Mee,2022-09-14 04:55:10 -0700,COMPLETE,30545,94212890,73858280,78.395,0,0.0871891,84.379,3.27,88915996,88913742,75026388,"","",22928402,Bee,"","","","","","","","","",whole body,RNA,Australia
SRR5117444,Lauren Mee,2022-09-14 05:30:56 -0700,COMPLETE,27549,118366806,94437795,79.784,0,0.0705919,84.138,3.37,113824630,113818236,95769528,"","",28443540,Bee,"","","","","","","","","",whole body,RNA,Australia
SRR5117445,Lauren Mee,2022-09-14 05:55:07 -0700,COMPLETE,25732,114948672,78536022,68.323,0,0.0828687,85.563,3.29,93387784,93381554,79905582,"","",24274692,Bee,"","","","","","","","","",whole body,RNA,Australia
SRR5117446,Lauren Mee,2022-09-14 06:09:32 -0700,COMPLETE,12481,60012246,31896239,53.15,0,0.339688,88.244,5.58,37767314,36462930,33327492,"","",5973620,Bee,"","","","","","","","","",whole body,RNA,Australia
SRR5117447,Lauren Mee,2022-09-14 06:32:07 -0700,COMPLETE,28594,105713768,71773861,67.895,0,0.0931836,85.932,3.36,85126400,85112134,73151114,"","",21773874,Bee,"","","","","","","","","",whole body,RNA,Australia
SRR5117448,Lauren Mee,2022-09-14 06:51:40 -0700,COMPLETE,15703,78728734,68932708,87.557,0,0.0947479,90.723,3.33,77103392,77100754,69950370,"","",20988820,Bee,"","","","","","","","","",whole body,RNA,Australia
SRR5117449,Lauren Mee,2022-09-14 07:16:07 -0700,COMPLETE,16740,96652584,60586062,62.684,0,0.124372,86.033,3.85,72143522,72138234,62067206,"","",16137048,Bee,"","","","","","","","","",whole body,RNA,Australia
SRR5117450,Lauren Mee,2022-09-14 07:38:57 -0700,COMPLETE,14975,74494242,46753282,62.761,0,0.120136,84.09,2.84,57050864,56893602,47974044,"","",16880852,Bee,"","","","","","","","","",whole body,RNA,Australia
SRR1790685,Lauren Mee,2022-09-14 07:52:33 -0700,COMPLETE,2424,53051222,196090,0.37,0,1.0,80.476,1.58,481738,481738,387682,"","",244880,Bee,"","","","","","","","","",pool of abdomens and fat bodies,RNA,"California, USA"
SRR1790686,Lauren Mee,2022-09-14 08:02:45 -0700,COMPLETE,4515,51231170,251690,0.491,0,1.0,76.182,1.36,591040,591040,450266,"","",331200,Bee,"","","","","","","","","",pool of abdomens and fat bodies,RNA,"California, USA"
SRR1790687,Lauren Mee,2022-09-14 08:13:03 -0700,COMPLETE,5677,53823222,355314,0.66,0,1.0,77.25,1.49,944750,944750,729816,"","",489032,Bee,"","","","","","","","","",pool of abdomens and fat bodies,RNA,"California, USA"
SRR1790690,Lauren Mee,2022-09-14 08:29:07 -0700,COMPLETE,21103,96249814,6170888,6.411,0,0.334539,100.0,1.04,63135134,63135078,63135078,"","",60951408,Bee,"","","","","","","","","",pool of abdomens and fat bodies,DNA,"California, USA"
SRR1790691,Lauren Mee,2022-09-14 08:34:08 -0700,COMPLETE,3974,5963794,382426,6.412,0,1.0,100.0,1.01,3991268,3991260,3991260,"","",3936910,Bee,"","","","","","","","","",pool of abdomens and fat bodies,DNA,"California, USA"
SRR12527963,Lauren Mee,2022-09-14 08:40:39 -0700,COMPLETE,23516,40914086,14756453,36.067,0,0.188566,89.869,1.36,26047238,26046812,23408384,"","",17227326,Bee,"","","","","","","","","",whole body,RNA,China
SRR12527928,Lauren Mee,2022-09-14 08:56:08 -0700,COMPLETE,29701,74836006,30908324,41.301,0,0.11968,91.43,1.88,47901544,47854286,43796178,"","",23311356,Bee,"","","","","","","","","",whole body,RNA,China
SRR12527965,Lauren Mee,2022-09-14 09:07:32 -0700,COMPLETE,22487,42091510,16793232,39.897,0,0.153147,90.747,1.32,28142762,28142328,25538726,"","",19379498,Bee,"","","","","","","","","",whole body,RNA,China
SRR12527962,Lauren Mee,2022-09-14 09:16:30 -0700,COMPLETE,20057,41598812,15281550,36.736,0,0.184562,91.408,1.39,26525694,26525272,24246612,"","",17415772,Bee,"","","","","","","","","",whole body,RNA,China
SRR12527929,Lauren Mee,2022-09-14 09:27:19 -0700,COMPLETE,18302,42068780,14353190,34.118,0,0.191592,89.504,1.36,26886740,26886148,24064822,"","",17713450,Bee,"","","","","","","","","",whole body,RNA,China
SRR12527935,Lauren Mee,2022-09-14 09:40:49 -0700,COMPLETE,19936,52418368,21216655,40.476,0,0.14975,81.416,1.57,36444380,36432672,29671370,"","",18840298,Bee,"","","","","","","","","",whole body,RNA,China
SRR12527964,Lauren Mee,2022-09-14 09:53:01 -0700,COMPLETE,15675,47911456,16383782,34.196,16,0.161908,90.297,1.32,30572280,30571514,27605966,"","",20952166,Bee,"","","","","","","","","",whole body,RNA,China
SRR12527936,Lauren Mee,2022-09-14 10:04:01 -0700,COMPLETE,22500,40675888,20008125,49.189,34,0.201122,90.741,1.87,28621518,28621010,25971392,"","",13854026,Bee,"","","","","","","","","",whole body,RNA,China
SRR12527934,Lauren Mee,2022-09-14 10:36:45 -0700,COMPLETE,19966,83427216,31734799,38.039,0,0.0988853,91.725,1.61,55370592,55369272,50788550,"","",31488696,Bee,"","","","","","","","","",whole body,RNA,China
SRR12527966,Lauren Mee,2022-09-14 10:46:34 -0700,COMPLETE,14377,38183518,12170970,31.875,12,0.205523,91.284,1.28,24210250,24209928,22100102,"","",17279416,Bee,"","","","","","","","","",whole body,RNA,China
SRR12527930,Lauren Mee,2022-09-14 11:05:18 -0700,COMPLETE,28074,92988396,34375407,36.967,0,0.090816,94.948,1.59,52152690,52152464,49518128,"","",31152018,Bee,"","","","","","","","","",whole body,RNA,China
SRR12527932,Lauren Mee,2022-09-14 11:17:10 -0700,COMPLETE,20935,42009680,15099771,35.944,0,0.173075,91.003,1.3,26278032,26277608,23913804,"","",18327170,Bee,"","","","","","","","","",whole body,RNA,China
SRR12527933,Lauren Mee,2022-09-14 11:25:46 -0700,COMPLETE,20985,40758832,16026016,39.319,44,0.167025,87.946,1.32,27052000,27051376,23791112,"","",18037694,Bee,"","","","","","","","","",whole body,RNA,China
SRR12527961,Lauren Mee,2022-09-14 11:35:00 -0700,COMPLETE,20470,40601302,13607747,33.516,0,0.184118,85.748,1.26,26412586,26412284,22648140,"","",17914192,Bee,"","","","","","","","","",whole body,RNA,China
SRR12527931,Lauren Mee,2022-09-14 11:40:02 -0700,COMPLETE,15207,21090654,7172862,34.01,0,0.335082,47.33,1.21,20647980,12002084,9772660,"","",8064442,Bee,"","","","","","","","","",whole body,DNA,China
SRR12527937,Lauren Mee,2022-09-14 11:47:59 -0700,COMPLETE,17488,36761394,4519598,12.294,0,0.796469,18.481,1.79,35185172,8666054,6502534,"","",3642536,Bee,"","","","","","","","","",whole body,DNA,China
SRR12527938,Lauren Mee,2022-09-14 11:54:07 -0700,COMPLETE,17412,25387348,4274404,16.837,0,1.0,28.114,2.06,24483840,10095770,6883260,"","",3346258,Bee,"","","","","","","","","",whole body,DNA,China
SRR12527939,Lauren Mee,2022-09-14 12:02:09 -0700,COMPLETE,23251,33310308,5641884,16.937,0,0.581143,28.752,1.59,32023190,12896206,9207422,"","",5777726,Bee,"","","","","","","","","",whole body,DNA,China
SRR12527940,Lauren Mee,2022-09-14 12:08:57 -0700,COMPLETE,19286,29768482,5621260,18.883,0,0.533662,31.956,1.47,28745516,13222872,9185878,"","",6266428,Bee,"","","","","","","","","",whole body,DNA,China
SRR12527941,Lauren Mee,2022-09-14 12:53:38 -0700,COMPLETE,44786,90583254,26928082,29.727,0,0.0754486,82.684,1.02,84786270,84763378,70104968,"","",68982602,Bee,"","","","","","","","","",whole body,DNA,China
SRR12527941_1,Lauren Mee,2022-09-15 02:59:51 -0700,COMPLETE,76060,90583254,26929065,29.729,0,0.0754554,82.684,1.02,84786270,84763378,70104968,"","",68982602,Bee,"","","","","","","","","",whole body,DNA,China
SRR12527941_2,Lauren Mee,2022-09-15 05:28:51 -0700,COMPLETE,53411,90583254,26928467,29.728,0,0.0754217,82.684,1.02,84786270,84763378,70104968,"","",68982602,Bee,"","","","","","","","","",whole body,DNA,China
SRR12527942,Lauren Mee,2022-09-15 06:35:48 -0700,COMPLETE,30320,66872620,23209619,34.707,0,0.166381,46.023,1.95,65322662,35211312,30063610,"","",15438682,Bee,"","","","","","","","","",whole body,DNA,China
SRR12527943,Lauren Mee,2022-09-15 06:41:43 -0700,COMPLETE,13159,35544934,12061143,33.932,0,0.20893,44.594,1.27,34749322,19671440,15496120,"","",12172686,Bee,"","","","","","","","","",whole body,DNA,China
SRR12527944,Lauren Mee,2022-09-15 06:55:56 -0700,COMPLETE,12401,36475798,13436391,36.836,0,0.263814,45.64,1.81,35804030,22799096,16341062,"","",9023912,Bee,"","","","","","","","","",whole body,DNA,China
SRR12527945,Lauren Mee,2022-09-15 07:03:21 -0700,COMPLETE,16015,43127086,16258582,37.699,0,0.227892,48.534,1.91,42383548,26961092,20570378,"","",10750508,Bee,"","","","","","","","","",whole body,DNA,China
SRR12527946,Lauren Mee,2022-09-15 07:08:11 -0700,COMPLETE,12289,22516646,8883045,39.451,0,0.267979,50.515,1.2,22209532,14747868,11219080,"","",9340074,Bee,"","","","","","","","","",whole body,DNA,China
SRR12527947,Lauren Mee,2022-09-15 07:56:34 -0700,COMPLETE,56677,106707024,25442769,23.844,0,0.0808478,57.649,1.02,102945286,102944104,59346674,"","",57963874,Bee,"","","","","","","","","",whole body,DNA,China
SRR12527948,Lauren Mee,2022-09-15 08:11:24 -0700,COMPLETE,15348,33677746,9741042,28.924,0,0.536172,36.192,2.64,33088010,18251352,11975210,"","",4537262,Bee,"","","","","","","","","",whole body,DNA,China
SRR12527949,Lauren Mee,2022-09-15 08:30:55 -0700,COMPLETE,27227,77855452,24042784,30.881,0,0.147298,37.85,1.79,76483504,41348278,28948616,"","",16135694,Bee,"","","","","","","","","",whole body,DNA,China
SRR12527950,Lauren Mee,2022-09-15 08:41:35 -0700,COMPLETE,19707,43778616,14406944,32.909,0,0.185624,42.965,1.35,42813190,23670348,18394552,"","",13634752,Bee,"","","","","","","","","",whole body,DNA,China
SRR12527951,Lauren Mee,2022-09-15 08:52:14 -0700,COMPLETE,16641,55244278,17317037,31.346,0,0.150284,40.582,1.31,54331526,30317676,22048680,"","",16804508,Bee,"","","","","","","","","",whole body,DNA,China
SRR12527952,Lauren Mee,2022-09-15 09:38:32 -0700,COMPLETE,47583,108091114,30818258,28.511,0,0.0656361,76.4,1.01,103172154,103170480,78823330,"","",77895612,Bee,"","","","","","","","","",whole body,DNA,China
SRR12527953,Lauren Mee,2022-09-15 10:09:44 -0700,COMPLETE,40295,97159336,33352374,34.328,0,0.0797558,45.987,1.34,94911328,50728284,43647036,"","",32554900,Bee,"","","","","","","","","",whole body,DNA,China
SRR12527954,Lauren Mee,2022-09-15 10:20:02 -0700,COMPLETE,31845,35238732,5703293,16.185,72,0.39724,23.141,1.14,34115568,11037752,7894520,"","",6908804,Bee,"","","","","","","","","",whole body,DNA,China
SRR12527955,Lauren Mee,2022-09-15 10:25:51 -0700,COMPLETE,30892,29280290,7656575,26.149,46,0.309152,36.844,1.19,28463316,13787498,10486976,"","",8791476,Bee,"","","","","","","","","",whole body,DNA,China
SRR12527956,Lauren Mee,2022-09-15 10:35:24 -0700,COMPLETE,29111,48910910,14751174,30.159,46,0.158761,42.73,1.18,47674180,26612274,20371012,"","",17288356,Bee,"","","","","","","","","",whole body,DNA,China
SRR12527957,Lauren Mee,2022-09-15 10:46:11 -0700,COMPLETE,18087,45964124,12588330,27.387,38,0.181322,39.751,1.15,44835210,22962696,17822502,"","",15510636,Bee,"","","","","","","","","",whole body,DNA,China
SRR12527958,Lauren Mee,2022-09-15 11:38:21 -0700,COMPLETE,42297,105755976,22003513,20.806,0,0.0922434,62.937,1.02,99997160,99995826,62935208,"","",61642228,Bee,"","","","","","","","","",whole body,DNA,China
SRR12527959,Lauren Mee,2022-09-15 11:51:03 -0700,COMPLETE,12246,22065848,7294256,33.057,0,0.432505,42.324,1.59,21638214,13980414,9158056,"","",5750636,Bee,"","","","","","","","","",whole body,DNA,China
SRR12527967,Lauren Mee,2022-09-15 11:55:25 -0700,COMPLETE,10290,23998788,8037790,33.492,0,0.531923,43.679,2.18,23575566,15326054,10297492,"","",4731506,Bee,"","","","","","","","","",whole body,DNA,China
SRR12527968,Lauren Mee,2022-09-15 12:02:42 -0700,COMPLETE,18102,48183612,18344706,38.073,0,0.186429,49.376,1.74,47400502,29957486,23404592,"","",13476150,Bee,"","","","","","","","","",whole body,DNA,China
SRR12527969,Lauren Mee,2022-09-15 12:07:59 -0700,COMPLETE,16582,24257750,10290269,42.421,0,0.230354,55.494,1.2,23913766,15746198,13270674,"","",11098694,Bee,"","","","","","","","","",whole body,DNA,China
SRR12527970,Lauren Mee,2022-09-15 12:47:53 -0700,COMPLETE,50188,106176302,28827098,27.15,0,0.0717934,80.463,1.03,101721726,101719970,81848288,"","",79616526,Bee,"","","","","","","","","",whole body,DNA,China
SRR12527971,Lauren Mee,2022-09-16 03:03:03 -0700,COMPLETE,21475,74840564,23849621,31.867,0,0.10255,45.959,1.24,72945424,39657726,33525198,"","",27108474,Bee,"","","","","","","","","",whole body,DNA,China
SRR2396634,Lauren Mee,2022-09-16 03:22:07 -0700,COMPLETE,4308,7638890,6796484,88.972,0,0.768443,97.282,5.06,7051066,6974000,6859421,"","",1354785,Bee,"","","","","","","","","",abdomen with fat bodies,RNA,Israel
SRR2396640,Lauren Mee,2022-09-16 03:23:27 -0700,COMPLETE,4587,8378724,4482546,53.499,0,0.405959,97.052,1.81,4927548,4898101,4782264,"","",2640048,Bee,"","","","","","","","","",abdomen with fat bodies,RNA,Israel
SRR2396641,Lauren Mee,2022-09-16 03:24:45 -0700,COMPLETE,4242,7204794,3981588,55.263,0,0.458804,95.469,1.81,4439035,4331017,4237885,"","",2343242,Bee,"","","","","","","","","",abdomen with fat bodies,RNA,Israel
SRR2396644,Lauren Mee,2022-09-16 03:26:08 -0700,COMPLETE,4459,8445768,4475697,52.993,0,0.42118,95.665,1.88,4979366,4874236,4763532,"","",2540374,Bee,"","","","","","","","","",abdomen with fat bodies,RNA,Israel
SRR2396653,Lauren Mee,2022-09-16 03:27:34 -0700,COMPLETE,10157,7541784,3807399,50.484,0,0.641305,91.906,2.47,4406594,4118719,4049938,"","",1642140,Bee,"","","","","","","","","",abdomen with fat bodies,RNA,Israel
SRR2396654,Lauren Mee,2022-09-16 03:28:49 -0700,COMPLETE,4299,7222207,3846839,53.264,0,0.539746,94.624,2.05,4283243,4146912,4052971,"","",1973108,Bee,"","","","","","","","","",abdomen with fat bodies,RNA,Israel
SRR2396655,Lauren Mee,2022-09-16 03:30:16 -0700,COMPLETE,4205,9257337,5045076,54.498,0,0.490422,95.77,2.48,5523779,5406029,5290131,"","",2134670,Bee,"","","","","","","","","",abdomen with fat bodies,RNA,Israel
SRR2396656,Lauren Mee,2022-09-16 03:31:54 -0700,COMPLETE,6644,8366303,4060170,48.53,0,0.501052,90.986,2.03,4749914,4417858,4321733,"","",2127205,Bee,"","","","","","","","","",abdomen with fat bodies,RNA,Israel
SRR2396657,Lauren Mee,2022-09-16 03:33:00 -0700,COMPLETE,4774,7621052,3821795,50.148,1,0.494417,93.618,1.89,4344129,4159439,4066884,"","",2153693,Bee,"","","","","","","","","",abdomen with fat bodies,RNA,Israel
SRR072891,Lauren Mee,2022-09-16 03:34:12 -0700,COMPLETE,1230,13508333,3109987,23.023,14,1.0,90.902,25.09,7159361,7159361,6508005,"","",259348,Bee,"","","","","","","","","",abdomen,RNA,France
SRR072892,Lauren Mee,2022-09-16 03:35:32 -0700,COMPLETE,1102,14817859,4114867,27.77,12,1.0,94.087,23.91,6955371,6955371,6544076,"","",273709,Bee,"","","","","","","","","",abdomen,RNA,France
SRR13769013,Lauren Mee,2022-09-16 03:50:17 -0700,COMPLETE,15569,87352744,51823541,59.327,0,0.060951,93.992,1.56,61664254,61664254,57959606,"","",37057154,Bee,"","","","","","","","","",pooled whole bodies (293),RNA,"Scotland, United Kingdom"
SRR13769014,Lauren Mee,2022-09-16 04:03:24 -0700,COMPLETE,13508,69912068,40302697,57.648,0,0.0667113,99.174,1.34,46590558,46590548,46205742,"","",34557756,Bee,"","","","","","","","","",pooled whole bodies (182),RNA,"Scotland, United Kingdom"
SRR13769015,Lauren Mee,2022-09-16 04:20:27 -0700,COMPLETE,18001,88218226,49749026,56.393,0,0.0624446,91.856,1.53,61213104,61213104,56227730,"","",36663090,Bee,"","","","","","","","","",pooled whole bodies (182),RNA,"Scotland, United Kingdom"
SRR13769016,Lauren Mee,2022-09-16 04:36:57 -0700,COMPLETE,15715,76896262,44293661,57.602,0,0.0613186,99.184,1.35,50787040,50787010,50372460,"","",37190924,Bee,"","","","","","","","","",pooled whole bodies (212),RNA,"Scotland, United Kingdom"
SRR13769017,Lauren Mee,2022-09-16 04:58:35 -0700,COMPLETE,15096,88131822,49837780,56.549,0,0.0651469,92.198,1.6,60553650,60553650,55828968,"","",34980944,Bee,"","","","","","","","","",pooled whole bodies (212),RNA,"Scotland, United Kingdom"
SRR13769018,Lauren Mee,2022-09-16 05:12:55 -0700,COMPLETE,13697,74846232,45147347,60.32,0,0.0643289,99.18,1.45,51836866,51836850,51412022,"","",35450688,Bee,"","","","","","","","","",pooled whole bodies (239),RNA,"Scotland, United Kingdom"
SRR13769019,Lauren Mee,2022-09-16 05:31:34 -0700,COMPLETE,21658,92831608,54770555,59.0,0,0.0584969,95.263,1.58,65100020,65100020,62015982,"","",39248656,Bee,"","","","","","","","","",pooled whole bodies (239),RNA,"Scotland, United Kingdom"
SRR13442814,Lauren Mee,2022-09-16 05:43:15 -0700,COMPLETE,8201,73189710,48766712,66.631,0,0.0742555,100.0,3.4,61103032,61103032,61103032,"","",17948013,Bee,"","","","","","","","","",whole body,RNA,Australia
SRR13442815,Lauren Mee,2022-09-16 05:52:43 -0700,COMPLETE,5361,60540408,4991394,8.245,1,0.458075,100.0,2.81,6772000,6772000,6772000,"","",2407205,Bee,"","","","","","","","","",whole body,RNA,Australia
SRR13442817,Lauren Mee,2022-09-16 06:03:51 -0700,COMPLETE,8662,73215496,53895795,73.613,0,0.0733492,100.0,3.97,58622817,58622813,58622813,"","",14751988,Bee,"","","","","","","","","",whole body,RNA,Australia
SRR13442818,Lauren Mee,2022-09-16 06:15:27 -0700,COMPLETE,7826,73165678,42103642,57.546,0,0.0764666,100.0,3.61,57161680,57161679,57161679,"","",15812788,Bee,"","","","","","","","","",whole body,RNA,Australia
SRR13442819,Lauren Mee,2022-09-16 06:28:25 -0700,COMPLETE,5414,73308784,1117304,1.524,0,1.0,100.0,1.67,1349092,1349091,1349091,"","",807001,Bee,"","","","","","","","","",whole body,RNA,Australia
SRR13442822,Lauren Mee,2022-09-16 06:37:40 -0700,COMPLETE,6873,60881436,39789375,65.356,0,0.075215,100.0,3.33,49263331,49263331,49263331,"","",14792779,Bee,"","","","","","","","","",whole body,RNA,Australia
SRR13442824,Lauren Mee,2022-09-16 06:46:45 -0700,COMPLETE,7571,60777504,44300266,72.889,0,0.0804276,100.0,3.75,49113528,49113528,49113528,"","",13114245,Bee,"","","","","","","","","",whole body,RNA,Australia
SRR13442827,Lauren Mee,2022-09-16 06:56:54 -0700,COMPLETE,5160,60961386,3634277,5.962,0,0.62445,100.0,2.31,4019552,4019552,4019552,"","",1739541,Bee,"","","","","","","","","",whole body,RNA,Australia
SRR13442828,Lauren Mee,2022-09-16 07:06:56 -0700,COMPLETE,5408,60007442,6606635,11.01,0,0.556922,100.0,3.62,7007704,7007704,7007704,"","",1935338,Bee,"","","","","","","","","",whole body,RNA,Australia
SRR13442829,Lauren Mee,2022-09-16 07:16:50 -0700,COMPLETE,5626,60935568,6715364,11.02,2,0.475294,100.0,3.13,7075085,7075085,7075085,"","",2257222,Bee,"","","","","","","","","",whole body,RNA,Australia
SRR13442830,Lauren Mee,2022-09-16 07:27:34 -0700,COMPLETE,12424,61125864,41040106,67.14,0,0.07763,100.0,3.48,50681603,50681603,50681603,"","",14566122,Bee,"","","","","","","","","",whole body,RNA,Australia
SRR13442831,Lauren Mee,2022-09-16 07:38:19 -0700,COMPLETE,7879,60676216,5174282,8.528,1,0.428398,100.0,2.29,5793546,5793546,5793546,"","",2524850,Bee,"","","","","","","","","",whole body,RNA,Australia
SRR13442813,Lauren Mee,2022-09-16 07:50:41 -0700,COMPLETE,8945,73276826,47346927,64.614,0,0.101717,100.0,4.96,56543017,56543014,56543014,"","",11403939,Bee,"","","","","","","","","",whole body,RNA,Australia
SRR13442825,Lauren Mee,2022-09-16 08:00:40 -0700,COMPLETE,10377,61220260,15791557,25.795,0,0.248772,100.0,4.45,19182150,19182150,19182150,"","",4308373,Bee,"","","","","","","","","",whole body,RNA,Australia
SRR6148364,Lauren Mee,2022-09-16 08:06:13 -0700,COMPLETE,12357,32873404,22468549,68.349,0,0.125659,91.986,1.4,25905848,25873456,23829842,"","",17000580,Bee,"","","","","","","","","",pool of heads and abdomen,RNA,Belgium
SRR6148365,Lauren Mee,2022-09-16 08:09:42 -0700,COMPLETE,12272,28529734,22482588,78.804,2,0.114418,91.718,1.29,25517972,25488160,23404524,"","",18173096,Bee,"","","","","","","","","",pool of heads and abdomen,RNA,Belgium
SRR6148366,Lauren Mee,2022-09-16 08:13:23 -0700,COMPLETE,11064,30771046,16633903,54.057,0,0.168636,88.758,1.39,20447864,20438504,18149060,"","",13071276,Bee,"","","","","","","","","",pool of heads and abdomen,RNA,Belgium
SRR6148367,Lauren Mee,2022-09-16 08:18:34 -0700,COMPLETE,13627,36956040,27937422,75.596,2,0.0853026,88.713,1.2,32954400,32906760,29234868,"","",24416704,Bee,"","","","","","","","","",pool of heads and abdomen,RNA,Belgium
SRR6148368,Lauren Mee,2022-09-16 08:22:32 -0700,COMPLETE,9729,30991226,17281592,55.763,0,0.159437,91.845,1.37,20588056,20528600,18909036,"","",13809936,Bee,"","","","","","","","","",pool of heads and abdomen,RNA,Belgium
SRR6148369,Lauren Mee,2022-09-16 08:25:59 -0700,COMPLETE,10312,31237372,17541559,56.156,2,0.156214,90.773,1.35,20985572,20943758,19049306,"","",14117890,Bee,"","","","","","","","","",pool of heads and abdomen,RNA,Belgium
SRR6148370,Lauren Mee,2022-09-16 08:29:53 -0700,COMPLETE,8850,30343908,16926842,55.783,2,0.164822,91.107,1.37,20296922,20248718,18491986,"","",13460522,Bee,"","","","","","","","","",pool of heads and abdomen,RNA,Belgium
SRR6148371,Lauren Mee,2022-09-16 08:34:01 -0700,COMPLETE,10339,27256752,17857428,65.516,0,0.154285,88.82,1.37,21482200,21397786,19080568,"","",13882200,Bee,"","","","","","","","","",pool of heads and abdomen,RNA,Belgium
SRR6148372,Lauren Mee,2022-09-16 08:38:20 -0700,COMPLETE,11496,33058922,16861203,51.003,4,0.153052,91.134,1.28,20514368,20455290,18695654,"","",14575432,Bee,"","","","","","","","","",pool of heads and abdomen,RNA,Belgium
SRR6148373,Lauren Mee,2022-09-16 08:42:34 -0700,COMPLETE,18797,33428964,25732644,76.977,0,0.0962124,90.85,1.24,29660774,29642716,26946676,"","",21682102,Bee,"","","","","","","","","",pool of heads and abdomen,RNA,Belgium
SRR6148374,Lauren Mee,2022-09-16 08:46:16 -0700,COMPLETE,11130,31094888,17716885,56.977,0,0.150434,90.595,1.32,21318576,21280802,19313572,"","",14649886,Bee,"","","","","","","","","",pool of heads and abdomen,RNA,Belgium
SRR6148375,Lauren Mee,2022-09-16 08:50:25 -0700,COMPLETE,10007,31528286,20795668,65.959,0,0.129395,90.594,1.34,24484002,24461434,22181034,"","",16586204,Bee,"","","","","","","","","",pool of heads and abdomen,RNA,Belgium
SRR6148376,Lauren Mee,2022-09-16 08:54:48 -0700,COMPLETE,11023,37565746,20394497,54.29,0,0.130144,91.354,1.32,24472386,24433520,22356574,"","",16928510,Bee,"","","","","","","","","",pool of heads and abdomen,RNA,Belgium
SRR6148377,Lauren Mee,2022-09-16 08:58:54 -0700,COMPLETE,10663,30572816,23788470,77.809,0,0.105692,91.297,1.26,27218372,27191874,24849464,"","",19749402,Bee,"","","","","","","","","",pool of heads and abdomen,RNA,Belgium
SRR6148378,Lauren Mee,2022-09-16 09:04:46 -0700,COMPLETE,9458,40525434,21890207,54.016,0,0.127285,87.97,1.38,27195552,27145510,23923836,"","",17302928,Bee,"","","","","","","","","",pool of heads and abdomen,RNA,Belgium
SRR6148379,Lauren Mee,2022-09-16 09:10:12 -0700,COMPLETE,9905,37941276,23327927,61.484,8,0.112982,86.165,1.32,29004070,28923534,24991436,"","",18971072,Bee,"","","","","","","","","",pool of heads and abdomen,RNA,Belgium
SRR1503136,Lauren Mee,2022-09-16 09:14:08 -0700,COMPLETE,12259,13973024,6986664,50.001,0,0.349429,86.749,1.21,9960738,9960730,8640820,"","",7161962,Bee,"","","","","","","","","",whole body,RNA,Germany
SRR1503133,Lauren Mee,2022-09-16 09:16:52 -0700,COMPLETE,13090,16343396,8802442,53.859,0,0.262548,88.976,1.16,12029490,12029486,10703306,"","",9236102,Bee,"","","","","","","","","",whole body,RNA,Germany
SRR1503122,Lauren Mee,2022-09-16 09:21:08 -0700,COMPLETE,13225,19350402,9415672,48.659,0,0.277949,78.783,1.3,14999002,14998996,11816678,"","",9093298,Bee,"","","","","","","","","",whole body,RNA,Germany
SRR1503088,Lauren Mee,2022-09-16 09:29:16 -0700,COMPLETE,15699,24674360,11204912,45.411,0,0.323083,88.466,1.67,16574106,16574076,14662462,"","",8789026,Bee,"","","","","","","","","",whole body,RNA,France
SRR1503066,Lauren Mee,2022-09-16 09:33:59 -0700,COMPLETE,15256,18812788,8353046,44.401,0,0.302895,73.246,1.26,15167634,15167626,11109680,"","",8808456,Bee,"","","","","","","","","",whole body,RNA,Italy
SRR2396633,Lauren Mee,2022-09-17 00:30:06 -0700,COMPLETE,16957,6325143,3453037,54.592,0,0.477625,95.906,1.64,3832326,3767110,3675441,"","",2243594,Bee,"","","","","","","","","",abdomen with fat bodies,RNA,Israel
SRR12527972,Lauren Mee,2022-09-17 00:34:22 -0700,COMPLETE,24214,29157712,9871408,33.855,0,0.557064,43.661,2.78,28503386,15581462,12444986,"","",4477230,Bee,"","","","","","","","","",whole body,DNA,China
SRR12527974,Lauren Mee,2022-09-17 01:33:18 -0700,COMPLETE,75188,109696528,39474036,35.985,0,0.0650863,45.649,1.29,107340368,58458154,49000172,"","",37877832,Bee,"","","","","","","","","",whole body,DNA,China
SRR12527975,Lauren Mee,2022-09-17 01:58:33 -0700,COMPLETE,54897,85696190,29659715,34.61,0,0.0802936,46.343,1.2,83642996,44855210,38762714,"","",32266876,Bee,"","","","","","","","","",whole body,DNA,China
SRR12527977,Lauren Mee,2022-09-17 03:07:39 -0700,COMPLETE,18750,20255820,6285762,31.032,0,0.472677,38.452,1.49,19860992,12194000,7636972,"","",5126170,Bee,"","","","","","","","","",whole body,DNA,China
SRR12527971_1,Lauren Mee,2022-09-19 05:26:01 -0700,COMPLETE,36782,74840564,23852383,31.871,0,0.102557,45.959,1.24,72945424,39657726,33525198,"","",27108474,Bee,"","","","","","","","","",whole body,DNA,China
SRR14567209,Lauren Mee,2022-09-19 06:13:25 -0700,COMPLETE,19877,48938348,31260335,63.877,0,0.0819232,90.255,1.28,38237082,38216080,34510808,"","",26981126,Bee,"","","","","","","","","",abdomen,RNA,Canada
SRR14567210,Lauren Mee,2022-09-19 06:20:40 -0700,COMPLETE,23258,46863914,27592768,58.878,2,0.0862276,87.449,1.2,35357550,35335330,30919772,"","",25837908,Bee,"","","","","","","","","",abdomen,RNA,Canada
SRR14567211,Lauren Mee,2022-09-19 06:26:23 -0700,COMPLETE,15785,36395234,21051569,57.842,0,0.126156,86.422,1.32,27361570,27339782,23646280,"","",17971094,Bee,"","","","","","","","","",abdomen,RNA,Canada
SRR14567212,Lauren Mee,2022-09-19 06:35:54 -0700,COMPLETE,24687,60734950,37712104,62.093,0,0.0674553,90.248,1.28,46401030,46370668,41876138,"","",32839320,Bee,"","","","","","","","","",abdomen,RNA,Canada
SRR14567213,Lauren Mee,2022-09-19 06:49:10 -0700,COMPLETE,22536,75317170,42668558,56.652,0,0.0622796,89.306,1.33,54433114,54398334,48612124,"","",36628520,Bee,"","","","","","","","","",abdomen,RNA,Canada
SRR14567214,Lauren Mee,2022-09-19 06:56:06 -0700,COMPLETE,20688,49047750,27217553,55.492,4,0.0886535,89.073,1.21,34834468,34800138,31028108,"","",25606902,Bee,"","","","","","","","","",abdomen,RNA,Canada
SRR14567217,Lauren Mee,2022-09-19 07:04:15 -0700,COMPLETE,20477,68937976,39080635,56.69,2,0.0668433,88.741,1.3,49853126,49804534,44240056,"","",33972450,Bee,"","","","","","","","","",abdomen,RNA,Canada
SRR14567218,Lauren Mee,2022-09-19 07:10:40 -0700,COMPLETE,13078,44877500,26215288,58.415,0,0.101238,89.608,1.33,33750524,33705696,30243260,"","",22809842,Bee,"","","","","","","","","",abdomen,RNA,Canada
SRR14567219,Lauren Mee,2022-09-19 07:16:13 -0700,COMPLETE,14233,38702626,21475732,55.489,0,0.117137,88.973,1.26,27754434,27734882,24693868,"","",19534324,Bee,"","","","","","","","","",abdomen,RNA,Canada
SRR14567220,Lauren Mee,2022-09-19 07:23:44 -0700,COMPLETE,25961,59400500,37074883,62.415,0,0.0642712,89.812,1.2,46124302,46104886,41424964,"","",34427538,Bee,"","","","","","","","","",abdomen,RNA,Canada
SRR14567221,Lauren Mee,2022-09-19 07:31:22 -0700,COMPLETE,20772,59776768,33813212,56.566,0,0.0774653,89.46,1.31,43082022,43053400,38541050,"","",29458136,Bee,"","","","","","","","","",abdomen,RNA,Canada
SRR12053406,Lauren Mee,2022-09-19 07:45:31 -0700,COMPLETE,20625,57807508,33108185,57.273,0,0.0987315,87.003,1.6,41265182,41175088,35901768,"","",22443608,Bee,"","","","","","","","","",abdomen,RNA,Mexico
SRR12053407,Lauren Mee,2022-09-19 07:53:09 -0700,COMPLETE,19873,57671956,31015705,53.78,8,0.103778,86.751,1.58,39195480,39056256,34002350,"","",21453132,Bee,"","","","","","","","","",abdomen,RNA,Mexico
SRR12053408,Lauren Mee,2022-09-19 08:02:58 -0700,COMPLETE,19573,69154580,37624790,54.407,10,0.103804,87.795,1.91,46900004,46833230,41175820,"","",21572902,Bee,"","","","","","","","","",abdomen,RNA,Mexico
SRR12053409,Lauren Mee,2022-09-19 08:10:47 -0700,COMPLETE,20130,56749198,32510237,57.288,2,0.111639,86.227,1.78,40702922,40603946,35096850,"","",19714854,Bee,"","","","","","","","","",abdomen,RNA,Mexico
SRR12053410,Lauren Mee,2022-09-19 08:17:41 -0700,COMPLETE,18753,54750850,30488349,55.686,0,0.100777,84.99,1.52,39287630,39267056,33390470,"","",22033032,Bee,"","","","","","","","","",abdomen,RNA,Mexico
SRR12053411,Lauren Mee,2022-09-19 08:26:49 -0700,COMPLETE,16305,64888776,37276640,57.447,6,0.0940859,88.012,1.71,45731320,45367380,40248982,"","",23504176,Bee,"","","","","","","","","",abdomen,RNA,Mexico
SRR12053412,Lauren Mee,2022-09-19 08:34:59 -0700,COMPLETE,17391,61566864,34564961,56.142,2,0.13969,87.795,2.36,42964984,42937776,37720982,"","",15953052,Bee,"","","","","","","","","",abdomen,RNA,Mexico
SRR12053413,Lauren Mee,2022-09-19 08:46:23 -0700,COMPLETE,17026,63345138,35144276,55.481,6,0.10462,89.282,1.81,43270722,43149086,38632794,"","",21358504,Bee,"","","","","","","","","",abdomen,RNA,Mexico
SRR12053414,Lauren Mee,2022-09-19 08:54:41 -0700,COMPLETE,16531,61157380,35576800,58.173,6,0.101256,87.649,1.77,43892502,43828442,38471416,"","",21752032,Bee,"","","","","","","","","",abdomen,RNA,Mexico
SRR12053415,Lauren Mee,2022-09-19 09:02:14 -0700,COMPLETE,16333,54682290,27371097,50.055,0,0.132709,87.018,1.8,35332562,35119052,30745820,"","",17112404,Bee,"","","","","","","","","",abdomen,RNA,Mexico
SRR12053416,Lauren Mee,2022-09-19 09:08:56 -0700,COMPLETE,13817,50474016,26302223,52.11,0,0.153628,85.727,2.0,34266016,34168762,29375148,"","",14681070,Bee,"","","","","","","","","",abdomen,RNA,Mexico
SRR12053417,Lauren Mee,2022-09-19 09:17:02 -0700,COMPLETE,13118,59312648,33766662,56.93,4,0.121966,89.976,2.03,40941570,40862622,36837452,"","",18165420,Bee,"","","","","","","","","",abdomen,RNA,Mexico
SRR12053418,Lauren Mee,2022-09-19 09:24:19 -0700,COMPLETE,14117,55389616,28544639,51.534,4,0.148952,87.093,2.09,36353358,36260342,31661338,"","",15119428,Bee,"","","","","","","","","",abdomen,RNA,Mexico
SRR12053419,Lauren Mee,2022-09-19 09:31:27 -0700,COMPLETE,15209,53953030,30338391,56.231,12,0.118584,90.102,1.76,36972448,36939876,33312836,"","",18903934,Bee,"","","","","","","","","",abdomen,RNA,Mexico
SRR12053420,Lauren Mee,2022-09-19 09:41:24 -0700,COMPLETE,12797,67367670,34132535,50.666,10,0.109974,86.086,1.85,44101896,43899364,37965610,"","",20479296,Bee,"","","","","","","","","",abdomen,RNA,Mexico
SRR12053421,Lauren Mee,2022-09-19 09:50:17 -0700,COMPLETE,13085,66400052,37103889,55.879,20,0.102507,90.886,1.87,44621912,44568284,40555106,"","",21646170,Bee,"","","","","","","","","",abdomen,RNA,Mexico
SRR12053422,Lauren Mee,2022-09-19 09:57:29 -0700,COMPLETE,12757,53266026,28218405,52.976,0,0.118217,85.293,1.64,36415006,36383780,31059378,"","",18943652,Bee,"","","","","","","","","",abdomen,RNA,Mexico
SRR12053423,Lauren Mee,2022-09-19 10:05:56 -0700,COMPLETE,12086,60961402,33860237,55.544,2,0.102102,84.727,1.71,43987070,43952018,37268730,"","",21843838,Bee,"","","","","","","","","",abdomen,RNA,Mexico
SRR12053424,Lauren Mee,2022-09-19 10:14:05 -0700,COMPLETE,10953,58587624,30140421,51.445,2,0.108597,84.149,1.61,39255456,39146410,33033232,"","",20559532,Bee,"","","","","","","","","",abdomen,RNA,Mexico
SRR12053425,Lauren Mee,2022-09-19 10:24:48 -0700,COMPLETE,16018,61231208,29183042,47.66,2,0.109966,77.833,1.58,41301546,40574342,32146276,"","",20368594,Bee,"","","","","","","","","",abdomen,RNA,Mexico
SRR12053426,Lauren Mee,2022-09-19 10:33:55 -0700,COMPLETE,14994,68808990,35280716,51.273,2,0.109232,84.621,1.9,46336522,46115002,39210210,"","",20662624,Bee,"","","","","","","","","",abdomen,RNA,Mexico
SRR12053427,Lauren Mee,2022-09-19 10:41:41 -0700,COMPLETE,13644,53277178,27270001,51.185,4,0.137204,86.734,1.85,34945396,34677900,30309524,"","",16409896,Bee,"","","","","","","","","",abdomen,RNA,Mexico
SRR12053428,Lauren Mee,2022-09-19 10:49:20 -0700,COMPLETE,12684,56742594,28941503,51.005,10,0.118308,87.125,1.68,36787426,36580852,32051004,"","",19023514,Bee,"","","","","","","","","",abdomen,RNA,Mexico
SRR12053429,Lauren Mee,2022-09-19 10:57:56 -0700,COMPLETE,11345,60221936,32024724,53.178,4,0.110173,88.586,1.74,39661132,39307924,35134080,"","",20169788,Bee,"","","","","","","","","",abdomen,RNA,Mexico
SRR12053430,Lauren Mee,2022-09-19 11:08:18 -0700,COMPLETE,16279,73211150,40725630,55.628,4,0.105916,87.951,2.13,50760278,50056814,44644132,"","",20978598,Bee,"","","","","","","","","",abdomen,RNA,Mexico
SRR12053431,Lauren Mee,2022-09-19 11:17:30 -0700,COMPLETE,12177,63176410,37598089,59.513,4,0.118669,88.803,2.19,45966180,45570892,40819366,"","",18640242,Bee,"","","","","","","","","",abdomen,RNA,Mexico
SRR12053432,Lauren Mee,2022-09-19 11:28:13 -0700,COMPLETE,11489,64563578,33740557,52.259,2,0.110784,85.211,1.84,43905650,43882098,37412564,"","",20314946,Bee,"","","","","","","","","",abdomen,RNA,Mexico
SRR12053433,Lauren Mee,2022-09-19 11:37:26 -0700,COMPLETE,12757,58114284,28775172,49.515,4,0.112597,87.672,1.6,36615550,36394610,32101436,"","",20040968,Bee,"","","","","","","","","",abdomen,RNA,Mexico
SRR12053434,Lauren Mee,2022-09-19 11:48:27 -0700,COMPLETE,11731,61905498,32978393,53.272,6,0.105512,88.011,1.71,41492756,41333158,36518222,"","",21367652,Bee,"","","","","","","","","",abdomen,RNA,Mexico
SRR12053435,Lauren Mee,2022-09-19 11:57:06 -0700,COMPLETE,11661,58946616,33372646,56.615,12,0.105459,87.52,1.73,41496414,41436046,36317562,"","",20996224,Bee,"","","","","","","","","",abdomen,RNA,Mexico
SRR12053436,Lauren Mee,2022-09-19 12:09:03 -0700,COMPLETE,14068,67189142,36774522,54.733,4,0.107664,85.663,1.95,46666112,46561936,39975416,"","",20499154,Bee,"","","","","","","","","",abdomen,RNA,Mexico
SRR12053437,Lauren Mee,2022-09-19 12:18:16 -0700,COMPLETE,11901,53539188,27854196,52.026,12,0.116358,82.918,1.6,36619092,36518424,30363860,"","",18995218,Bee,"","","","","","","","","",abdomen,RNA,Mexico
SRR2915407,Lauren Mee,2022-09-19 12:22:13 -0700,COMPLETE,9009,17930168,12503584,69.735,0,0.175756,90.94,1.12,15082934,15082174,13716346,"","",12245020,Bee,"","","","","","","","","",whole body,RNA,Australia
SRR2954866,Lauren Mee,2022-09-19 12:24:21 -0700,COMPLETE,8760,17527074,12263718,69.97,0,0.179928,91.314,1.13,14728202,14727494,13448858,"","",11952712,Bee,"","","","","","","","","",whole body,RNA,Australia
SRR12245523,Lauren Mee,2022-09-19 13:05:42 -0700,COMPLETE,29026,150000000,68383880,45.589,0,0.0487802,93.65,1.66,101188408,101181292,94762560,"","",57110318,Bee,"","","","","","","","","",whole body,RNA,China
SRR12245258,Lauren Mee,2022-09-19 13:47:16 -0700,COMPLETE,30782,150000000,66011319,44.008,0,0.0450025,93.199,1.48,98922536,98911602,92195200,"","",62401596,Bee,"","","","","","","","","",whole body,RNA,China
SRR12244814,Lauren Mee,2022-09-19 14:30:11 -0700,COMPLETE,59902,150000000,65859753,43.907,0,0.0477107,93.457,1.57,99456546,99446878,92948858,"","",59275960,Bee,"","","","","","","","","",whole body,RNA,China
SRR12235348,Lauren Mee,2022-09-20 02:11:36 -0700,COMPLETE,33846,150000000,65345631,43.564,0,0.0513905,93.351,1.7,104101048,104094286,97179536,"","",57005560,Bee,"","","","","","","","","",whole body,RNA,China
SRR12233820,Lauren Mee,2022-09-22 07:04:08 -0700,COMPLETE,43031,150000000,61296140,40.864,0,0.054023,93.118,1.66,99643624,99634410,92786418,"","",55804248,Bee,"","","","","","","","","",whole body,RNA,China
SRR12233573,Lauren Mee,2022-09-22 07:40:35 -0700,COMPLETE,39290,150000000,69942964,46.629,0,0.0513828,93.25,1.82,108804100,108796906,101459242,"","",55827712,Bee,"","","","","","","","","",whole body,RNA,China
SRR6370988,Lauren Mee,2022-09-22 08:03:34 -0700,COMPLETE,40212,89500032,33683084,37.635,0,0.0807841,84.082,1.38,56708132,56699350,47681190,"","",34635524,Bee,"","","","","","","","","",whole body,RNA,China
ERR10123638,Lauren Mee,2022-09-22 08:14:20 -0700,COMPLETE,34641,52687446,12565369,23.849,0,0.357248,89.38,1.91,41665824,41654170,37240912,"","",19534818,Bee,"","","","","","","","","",abdomen,RNA,United Kingdom
SRR3383868,Lauren Mee,2022-09-22 08:17:54 -0700,COMPLETE,31568,1717200,618710,36.03,18,1.0,93.834,1.47,1082240,1015509,1015509,"","",688565,Bee,"","","","","","","","","",head and abdomen (pooled 5 queens),RNA,Belgium
SRR3383869,Lauren Mee,2022-09-22 08:18:28 -0700,COMPLETE,21520,773550,247198,31.956,8,1.0,98.018,1.42,495112,485299,485299,"","",342037,Bee,"","","","","","","","","",head and abdomen (pooled 5 queens),RNA,Belgium
SRR3383870,Lauren Mee,2022-09-22 08:19:07 -0700,COMPLETE,19671,1082096,355650,32.867,8,1.0,98.311,1.7,638255,627476,627476,"","",369430,Bee,"","","","","","","","","",head and abdomen (pooled 5 females),RNA,Belgium
SRR3383871,Lauren Mee,2022-09-22 08:19:36 -0700,COMPLETE,21335,839556,375500,44.726,5,1.0,98.743,1.87,508833,502437,502437,"","",267975,Bee,"","","","","","","","","",head and abdomen (pooled 5 females),RNA,Belgium
SRR2001612,Lauren Mee,2022-09-22 10:07:42 -0700,COMPLETE,33325,53242466,34778421,65.321,0,0.131169,78.047,2.23,47641690,47545522,37182842,"","",16648022,Bee,"","","","","","","","","",whole body,RNA,"Florida, USA"
SRR1943074,Lauren Mee,2022-09-22 10:30:32 -0700,COMPLETE,24512,115634302,89955988,77.794,0,0.0229132,82.765,1.03,112012690,112005250,92707120,"","",89823176,Bee,"","","","","","","","","",whole body,DNA,"Florida, USA"
SRR1943075,Lauren Mee,2022-09-22 10:57:27 -0700,COMPLETE,32131,119824086,92089750,76.854,0,0.0223951,82.008,1.03,115923350,115919492,95066418,"","",92081312,Bee,"","","","","","","","","",whole body,DNA,"Florida, USA"
SRR1943076,Lauren Mee,2022-09-22 11:13:00 -0700,COMPLETE,28600,74487236,55195320,74.1,0,0.0368995,78.297,1.02,73418732,73417482,57484346,"","",56372324,Bee,"","","","","","","","","",whole body,DNA,"Florida, USA"
SRR2001621,Lauren Mee,2022-09-22 11:28:30 -0700,COMPLETE,29914,71756686,38055470,53.034,0,0.0817543,83.935,1.54,52615840,52278962,44163058,"","",28742498,Bee,"","","","","","","","","",whole body,RNA,Mexico
SRR1945063,Lauren Mee,2022-09-22 11:52:41 -0700,COMPLETE,29731,92854446,66681766,71.813,0,0.0305556,81.379,1.02,89298776,89297132,72670720,"","",71264400,Bee,"","","","","","","","","",whole body,DNA,Mexico
SRR1945064,Lauren Mee,2022-09-22 12:26:41 -0700,COMPLETE,22430,131473472,104557633,79.528,0,0.0196044,90.338,1.03,126324624,126321570,114119498,"","",111248228,Bee,"","","","","","","","","",whole body,DNA,Mexico
SRR1945065,Lauren Mee,2022-09-22 12:47:59 -0700,COMPLETE,17236,80643812,67649928,83.887,0,0.0300686,94.461,1.02,77681442,77674570,73378456,"","",72086370,Bee,"","","","","","","","","",whole body,DNA,Mexico
SRR3948521,Lauren Mee,2022-09-22 12:56:01 -0700,COMPLETE,24522,30233914,20284068,67.09,6,0.123929,89.794,1.3,25673324,25656084,23053018,"","",17738622,Bee,"","","","","","","","","",whole body,RNA,Panama
SRR3948528,Lauren Mee,2022-09-22 13:00:06 -0700,COMPLETE,18211,26819636,12883520,48.038,4,0.225566,87.294,1.64,18778170,18775446,16392168,"","",9975214,Bee,"","","","","","","","","",whole body,RNA,Panama
SRR3948531,Lauren Mee,2022-09-22 13:04:02 -0700,COMPLETE,22340,29231472,13634002,46.642,2,0.250375,86.739,1.85,18991236,18989292,16472814,"","",8908568,Bee,"","","","","","","","","",whole body,RNA,Panama
SRR3948533,Lauren Mee,2022-09-22 13:08:53 -0700,COMPLETE,17597,27253244,15332080,56.258,6,0.198961,84.363,1.54,20147256,20145570,16996842,"","",11006816,Bee,"","","","","","","","","",whole body,RNA,Panama
SRR3948536,Lauren Mee,2022-09-22 13:14:44 -0700,COMPLETE,16852,35793294,21312402,59.543,14,0.147969,90.297,1.69,28402652,28390060,25646854,"","",15145454,Bee,"","","","","","","","","",whole body,RNA,Panama
SRR3948540,Lauren Mee,2022-09-22 13:25:28 -0700,COMPLETE,16158,27701568,14409827,52.018,18,0.203109,84.2,1.51,19442244,19437834,16370378,"","",10826944,Bee,"","","","","","","","","",whole body,RNA,Panama
SRR3948542,Lauren Mee,2022-09-22 13:31:38 -0700,COMPLETE,16445,26159040,11431108,43.698,8,0.276835,81.735,1.78,17839544,17834954,14581058,"","",8168756,Bee,"","","","","","","","","",whole body,RNA,Panama
SRR3948544,Lauren Mee,2022-09-22 13:36:45 -0700,COMPLETE,16227,26756002,14490774,54.159,6,0.185822,86.475,1.42,19640830,19636320,16984380,"","",11936676,Bee,"","","","","","","","","",whole body,RNA,Panama
SRR3948548,Lauren Mee,2022-09-22 13:42:03 -0700,COMPLETE,15420,27362852,14622183,53.438,12,0.1993,84.031,1.6,21075986,21069890,17710332,"","",11077354,Bee,"","","","","","","","","",whole body,RNA,Panama
SRR3948550,Lauren Mee,2022-09-22 13:46:48 -0700,COMPLETE,14823,27496782,12738797,46.328,8,0.295494,84.817,2.07,19139332,19134656,16233434,"","",7848408,Bee,"","","","","","","","","",whole body,RNA,Panama
SRR3948554,Lauren Mee,2022-09-22 13:51:13 -0700,COMPLETE,16123,28072838,16727835,59.587,16,0.162617,87.983,1.42,21715938,21713310,19106386,"","",13488946,Bee,"","","","","","","","","",whole body,RNA,Panama
SRR3948556,Lauren Mee,2022-09-22 13:54:59 -0700,COMPLETE,14051,27857230,14223337,51.058,6,0.187978,83.165,1.43,20210626,20207046,16808134,"","",11730040,Bee,"","","","","","","","","",whole body,RNA,Panama
SRR3948560,Lauren Mee,2022-09-22 13:59:00 -0700,COMPLETE,16114,26777728,14313716,53.454,4,0.222367,86.623,1.69,20043146,20040056,17362022,"","",10287626,Bee,"","","","","","","","","",whole body,RNA,Panama
SRR3948562,Lauren Mee,2022-09-22 14:02:27 -0700,COMPLETE,13811,20079548,12864640,64.068,2,0.205232,89.31,1.38,16576286,16572466,14804246,"","",10758804,Bee,"","","","","","","","","",whole body,RNA,Panama
SRR3948563,Lauren Mee,2022-09-22 14:06:40 -0700,COMPLETE,14105,29127520,15544763,53.368,4,0.191188,87.121,1.58,20879070,20876126,18190134,"","",11515236,Bee,"","","","","","","","","",whole body,RNA,Panama
SRR3948564,Lauren Mee,2022-09-22 14:10:32 -0700,COMPLETE,13412,26905454,13301275,49.437,4,0.292895,84.355,2.11,19227594,19224832,16219468,"","",7695918,Bee,"","","","","","","","","",whole body,RNA,Panama
SRR3948566,Lauren Mee,2022-09-22 14:14:46 -0700,COMPLETE,13307,28581580,14474587,50.643,6,0.195528,85.114,1.5,19716618,19709446,16781662,"","",11191128,Bee,"","","","","","","","","",whole body,RNA,Panama
SRR3948568,Lauren Mee,2022-09-22 14:18:52 -0700,COMPLETE,12717,27121104,12707012,46.853,4,0.252784,85.092,1.69,17386424,17381772,14794414,"","",8742922,Bee,"","","","","","","","","",whole body,RNA,Panama
SRR3948570,Lauren Mee,2022-09-22 14:22:37 -0700,COMPLETE,12291,26206026,12978501,49.525,0,0.218343,86.416,1.5,17215986,17211484,14877382,"","",9893110,Bee,"","","","","","","","","",whole body,RNA,Panama
SRR3948572,Lauren Mee,2022-09-22 14:27:34 -0700,COMPLETE,14562,31067890,15167689,48.821,6,0.197846,86.917,1.64,21300644,21295038,18513770,"","",11287954,Bee,"","","","","","","","","",whole body,RNA,Panama
SRR3948575,Lauren Mee,2022-09-22 14:31:45 -0700,COMPLETE,14498,27942738,17227867,61.654,16,0.150045,87.897,1.35,22363672,22359556,19656990,"","",14556742,Bee,"","","","","","","","","",whole body,RNA,Panama
SRR3948577,Lauren Mee,2022-09-22 14:35:46 -0700,COMPLETE,14186,27314880,15868854,58.096,6,0.164753,86.362,1.36,20667106,20663904,17848440,"","",13168432,Bee,"","","","","","","","","",whole body,RNA,Panama
SRR11426431,Lauren Mee,2022-09-23 02:57:38 -0700,COMPLETE,21774,70108004,44334956,63.238,0,0.0530203,96.923,1.18,52023836,51923982,50423264,"","",42665774,Bee,"","","","","","","","","",whole body (pool of 6),RNA,Brazil
SRR11426432,Lauren Mee,2022-09-23 03:05:07 -0700,COMPLETE,22715,50703786,33655255,66.376,0,0.0683167,95.709,1.16,39283216,39123884,37597404,"","",32483688,Bee,"","","","","","","","","",whole body (pool of 6),RNA,Brazil
SRR11426433,Lauren Mee,2022-09-23 03:14:20 -0700,COMPLETE,26913,67614820,43504165,64.341,0,0.054509,96.978,1.19,50582218,50503790,49053598,"","",41151650,Bee,"","","","","","","","","",whole body (pool of 6),RNA,Brazil
SRR11440494,Lauren Mee,2022-09-23 03:24:31 -0700,COMPLETE,15578,82210984,50432357,61.345,48,0.0474042,90.117,1.22,64073584,57741142,57741142,"","",47230316,Bee,"","","","","","","","","",whole body (pool of 6),RNA,Brazil
SRR11440495,Lauren Mee,2022-09-23 03:31:32 -0700,COMPLETE,16026,55474256,37762449,68.072,0,0.0705772,96.992,1.33,43613642,43548590,42301588,"","",31714586,Bee,"","","","","","","","","",whole body (pool of 6),RNA,Brazil
SRR11440496,Lauren Mee,2022-09-23 03:38:57 -0700,COMPLETE,16701,66413432,45825437,69.0,0,0.0640486,97.047,1.47,52945436,52884278,51381934,"","",35050786,Bee,"","","","","","","","","",whole body (pool of 6),RNA,Brazil
SRR11445089,Lauren Mee,2022-09-23 03:54:11 -0700,COMPLETE,28140,112347920,56118866,49.951,6,0.0737859,90.512,2.17,74275144,74257276,67227836,"","",30991816,Bee,"","","","","","","","","",whole body (pool of 3),RNA,United Kingdom
SRR11445090,Lauren Mee,2022-09-23 04:09:44 -0700,COMPLETE,29150,100783008,51026327,50.63,0,0.0803251,90.669,2.16,67441996,67412078,61148936,"","",28293442,Bee,"","","","","","","","","",whole body (pool of 3),RNA,United Kingdom
SRR11448239,Lauren Mee,2022-09-23 04:39:56 -0700,COMPLETE,27596,103211992,49739096,48.191,8,0.0858052,90.115,2.27,68063632,68042502,61335830,"","",26964994,Bee,"","","","","","","","","",whole body (pool of 3),RNA,United Kingdom
SRR11448240,Lauren Mee,2022-09-23 04:54:23 -0700,COMPLETE,55622,97723116,46332085,47.412,0,0.0998442,90.01,2.53,65094990,65075240,58591900,"","",23168762,Bee,"","","","","","","","","",whole body (pool of 3),RNA,United Kingdom
SRR11448241,Lauren Mee,2022-09-23 05:08:52 -0700,COMPLETE,54719,97207226,46092681,47.417,0,0.0956856,90.055,2.38,63962156,63945538,57600934,"","",24241764,Bee,"","","","","","","","","",whole body (pool of 3),RNA,United Kingdom
SRR10765021,Lauren Mee,2022-09-23 05:23:26 -0700,COMPLETE,31132,63644068,23115627,36.32,0,0.109616,87.157,1.28,35032282,34980774,30533064,"","",23818046,Bee,"","","","","","","","","",whole body,RNA,China
SRR2001766,Lauren Mee,2022-09-23 05:33:07 -0700,COMPLETE,19757,52275128,23561602,45.072,0,0.155482,68.756,1.86,37644732,35002372,25882914,"","",13919184,Bee,"","","","","","","","","",whole body,RNA,Canada
SRR1945093,Lauren Mee,2022-09-23 05:55:37 -0700,COMPLETE,34698,108976510,91839232,84.274,0,0.022138,92.315,1.02,104232352,104226580,96222152,"","",94482916,Bee,"","","","","","","","","",whole body,DNA,Canada
SRR1945094,Lauren Mee,2022-09-23 06:23:31 -0700,COMPLETE,41859,110775648,83866646,75.709,0,0.0243818,81.679,1.02,108419046,108416938,88555640,"","",86555704,Bee,"","","","","","","","","",whole body,DNA,Canada
SRR1945095,Lauren Mee,2022-09-23 06:46:03 -0700,COMPLETE,19269,94678910,69587339,73.498,0,0.0459665,80.342,1.6,92656436,91395124,74441752,"","",46472262,Bee,"","","","","","","","","",whole body,DNA,Canada
SRR2895245,Lauren Mee,2022-09-23 07:53:56 -0700,COMPLETE,50283,150000000,90500248,60.333,12,0.0246887,93.739,1.16,111589274,111524582,104602352,"","",89940550,Bee,"","","","","","","","","",whole body,RNA,Germany
SRR2895246,Lauren Mee,2022-09-23 08:16:11 -0700,COMPLETE,30658,48074148,28580539,59.451,10,0.077662,91.976,1.14,35770522,35755206,32900110,"","",28846974,Bee,"","","","","","","","","",whole body,RNA,Germany
SRR2895247,Lauren Mee,2022-09-23 08:25:12 -0700,COMPLETE,33958,52225566,31988069,61.25,16,0.0699838,91.891,1.14,39321624,39285988,36132968,"","",31696292,Bee,"","","","","","","","","",whole body,RNA,Germany
SRR2895248,Lauren Mee,2022-09-23 08:36:03 -0700,COMPLETE,43020,59448778,35063865,58.982,4,0.0634296,91.735,1.14,43886822,43861242,40259726,"","",35258782,Bee,"","","","","","","","","",whole body,RNA,Germany
SRR2895249,Lauren Mee,2022-09-23 08:46:18 -0700,COMPLETE,36276,55099180,33453670,60.715,0,0.0663112,91.677,1.13,41631160,41613340,38165996,"","",33691910,Bee,"","","","","","","","","",whole body,RNA,Germany
SRR2895250,Lauren Mee,2022-09-23 08:57:05 -0700,COMPLETE,37881,55856874,34162704,61.161,0,0.0647217,92.147,1.13,42061488,42041554,38758520,"","",34325034,Bee,"","","","","","","","","",whole body,RNA,Germany
SRR2895251,Lauren Mee,2022-09-23 09:09:04 -0700,COMPLETE,33058,55349486,33142304,59.878,0,0.06613,90.867,1.12,41545148,41504250,37750968,"","",33818210,Bee,"","","","","","","","","",whole body,RNA,Germany
SRR9676054,Lauren Mee,2022-09-23 09:16:04 -0700,COMPLETE,31414,39188504,8886434,22.676,0,0.282401,82.824,1.43,19544724,19544346,16187734,"","",11324834,Bee,"","","","","","","","","",whole body,RNA,"Utah, USA"
SRR9676058,Lauren Mee,2022-09-23 09:25:04 -0700,COMPLETE,36923,52537728,10221264,19.455,0,0.267253,81.857,1.62,24544294,24543886,20091144,"","",12407922,Bee,"","","","","","","","","",whole body,RNA,"Utah, USA"
SRR9676059,Lauren Mee,2022-09-23 09:33:54 -0700,COMPLETE,42007,50347072,10639430,21.132,0,0.242251,81.414,1.48,24249084,24248774,19742034,"","",13312826,Bee,"","","","","","","","","",whole body,RNA,"Utah, USA"
SRR8335251,Lauren Mee,2022-09-23 09:45:41 -0700,COMPLETE,49581,63338906,43930289,69.358,0,0.0642104,92.482,1.42,55518606,55505604,51344944,"","",36241392,Bee,"","","","","","","","","",whole body,RNA,China
SRR8335252,Lauren Mee,2022-09-23 09:54:29 -0700,COMPLETE,48338,50260896,33871141,67.391,0,0.0794594,91.003,1.36,43929606,43917174,39977210,"","",29475294,Bee,"","","","","","","","","",whole body,RNA,China
SRR8335253,Lauren Mee,2022-09-23 10:04:49 -0700,COMPLETE,49865,58210100,40066560,68.831,0,0.067442,91.828,1.36,51412454,51395790,47210928,"","",34666360,Bee,"","","","","","","","","",whole body,RNA,China
SRR8335254,Lauren Mee,2022-09-23 10:14:03 -0700,COMPLETE,43359,50933696,35054043,68.823,0,0.0778785,91.962,1.37,44719436,44702974,41124888,"","",29928310,Bee,"","","","","","","","","",whole body,RNA,China
SRR13404631,Lauren Mee,2022-09-23 10:26:26 -0700,COMPLETE,40715,85624930,24070465,28.112,0,0.0868784,93.925,1.79,51058618,51058076,47956832,"","",26740758,Bee,"","","","","","","","","",pooled whole bodies,RNA,Israel
SRR13404633,Lauren Mee,2022-09-23 10:40:12 -0700,COMPLETE,38119,93377152,47333972,50.691,0,0.0840714,93.594,2.48,71402572,71402148,66828438,"","",26919620,Bee,"","","","","","","","","",pooled whole bodies,RNA,Israel
SRR13404635,Lauren Mee,2022-09-23 10:51:13 -0700,COMPLETE,37178,82192962,38612121,46.977,0,0.0637429,93.236,1.34,49526416,49526180,46176286,"","",34393304,Bee,"","","","","","","","","",pooled whole bodies,RNA,Israel
SRR13404640,Lauren Mee,2022-09-23 11:02:09 -0700,COMPLETE,43040,81210980,37915716,46.688,0,0.0621222,93.834,1.45,54492090,54491670,51132082,"","",35326542,Bee,"","","","","","","","","",pooled whole bodies,RNA,Israel
SRR5253659,Lauren Mee,2022-09-26 02:46:53 -0700,COMPLETE,41942,6748188,2538155,37.612,9,0.539285,53.223,1.42,5092347,5082970,2710312,"","",1912025,Bee,"","","","","","","","","",whole body,RNA,Switzerland
SRR6370988_1,Lauren Mee,2022-09-26 03:43:32 -0700,COMPLETE,61855,89500032,33685718,37.638,0,0.0807442,84.082,1.38,56708132,56699350,47681190,"","",34635524,Bee,"","","","","","","","","",whole body,RNA,China
SRR14567222_1,Lauren Mee,2022-09-26 04:25:56 -0700,COMPLETE,15345,50452414,28783231,57.05,0,0.0871785,88.969,1.27,36857096,36822252,32791430,"","",25921200,Bee,"","","","","","","","","",abdomen,RNA,Canada
