sample_name,uploader,upload_date,overall_job_status,runtime_seconds,total_reads,passed_filters,passed_filters_percent,total_ercc_reads,subsampled_fraction,quality_control,compression_ratio,reads_after_star,reads_after_trimmomatic,reads_after_priceseq,reads_after_cdhitdup,reads_after_idseq_dedup,reads_after_czid_dedup,host_organism,notes,insert_size_median,insert_size_mode,insert_size_median_absolute_deviation,insert_size_min,insert_size_max,insert_size_mean,insert_size_standard_deviation,insert_size_read_pairs,sample_type,nucleotide_type,collection_date,water_control,collection_location,Project Source,Sample Species
BT_N_001,Lauren Mee,2022-10-12 07:46:40 -0700,COMPLETE,5440,2301810,780618,33.913,0,1.0,69.08,1.27,1810416,1801480,1250630,"","",987162,Bee,"","","","","","","","","",Abdomen,RNA,07/2019,No,United Kingdom,CompHym22,Bombus terrestris
BT_N_025,Lauren Mee,2022-10-12 07:50:08 -0700,COMPLETE,10017,3447844,1430168,41.48,0,1.0,75.239,1.19,2668946,2653026,2008090,"","",1690916,Bee,"","","","","","","","","",Abdomen,RNA,07/2019,No,United Kingdom,CompHym22,Bombus terrestris
BT_N_029,Lauren Mee,2022-10-12 07:50:31 -0700,COMPLETE,6441,2291362,870052,37.971,0,1.0,69.144,1.18,1875484,1861262,1296776,"","",1101876,Bee,"","","","","","","","","",Abdomen,RNA,07/2019,No,United Kingdom,CompHym22,Bombus terrestris
CA_N_007,Lauren Mee,2022-10-12 07:50:50 -0700,COMPLETE,8257,4141006,1590942,38.419,0,1.0,86.354,1.63,3460040,3458618,2987868,"","",1830286,Bee,"","","","","","","","","",abdomen,RNA,07/2017,No,United Kingdom,CompHym22,Ceratina australensis
CA_N_012,Lauren Mee,2022-10-12 07:51:11 -0700,COMPLETE,8472,3663756,1725866,47.106,0,1.0,85.279,1.44,3157384,3155960,2692576,"","",1873456,Bee,"","","","","","","","","",abdomen,RNA,07/2017,No,United Kingdom,CompHym22,Ceratina australensis
CA_N_030,Lauren Mee,2022-10-12 07:51:32 -0700,COMPLETE,7014,3928358,1853894,47.193,0,1.0,84.785,1.41,3291134,3290032,2790394,"","",1978136,Bee,"","","","","","","","","",abdomen,RNA,07/2017,No,United Kingdom,CompHym22,Ceratina australensis
SRR10034516,Lauren Mee,2022-10-14 04:11:18 -0700,COMPLETE,7393,23362346,1485726,6.359,0,1.0,87.661,2.94,5668038,5580838,4968650,"","",1688110,Bee,"","","","","","","","","",Midgut,RNA,08/2020,No,China,PRJNA562784,Apis cerana
SRR10034517,Lauren Mee,2022-10-14 04:12:35 -0700,COMPLETE,8834,26016414,1459900,5.611,0,1.0,87.092,3.26,5980842,5871106,5208858,"","",1596690,Bee,"","","","","","","","","",Midgut,RNA,08/2020,No,China,PRJNA562784,Apis cerana
SRR6148365,Lauren Mee,2022-10-14 04:14:00 -0700,COMPLETE,9480,9394920,7743653,82.424,2,0.345328,89.916,1.34,8853182,8823384,7960396,"","",5937256,Bee,"","","","","","","","","",pool of heads and abdomen,RNA,05/2015,No,Belgium,PRJNA411946,Andrena cineraria
SRR6148367,Lauren Mee,2022-10-14 04:14:30 -0700,COMPLETE,10161,5412568,4070072,75.197,2,0.527923,86.17,1.09,4880784,4833152,4205784,"","",3874318,Bee,"","","","","","","","","",pool of heads and abdomen,RNA,05/2015,No,Belgium,PRJNA411946,Andrena haemorrhoa
SRR6148373,Lauren Mee,2022-10-14 04:14:52 -0700,COMPLETE,8996,12208970,9786446,80.158,0,0.252434,88.993,1.24,11403934,11385878,10148656,"","",8162558,Bee,"","","","","","","","","",pool of heads and abdomen,RNA,04/2015,No,Belgium,PRJNA411946,Andrena fulva
SRR6148377,Lauren Mee,2022-10-14 04:15:25 -0700,COMPLETE,11279,5023870,3704429,73.737,0,0.742466,89.515,1.39,4246878,4220386,3801572,"","",2739398,Bee,"","","","","","","","","",pool of heads and abdomen,RNA,05/2015,No,Belgium,PRJNA411946,Andrena haemorrhoa
SRR13404631,Lauren Mee,2022-10-14 09:11:52 -0700,COMPLETE,11540,46595672,6108144,13.109,0,0.278237,92.951,2.66,26558198,26557754,24686178,"","",9289322,Bee,"","","","","","","","","",pooled whole bodies,RNA,03/2018,No,Israel,PRJNA687318,Andrena
SRR13404633,Lauren Mee,2022-10-14 09:13:37 -0700,COMPLETE,12086,64376580,35163418,54.621,0,0.159017,93.352,3.44,53903782,53903430,50320066,"","",14625130,Bee,"","","","","","","","","",pooled whole bodies,RNA,03/2018,No,Israel,PRJNA687318,Andrena
SRR13404635,Lauren Mee,2022-10-14 09:15:58 -0700,COMPLETE,12248,36623010,10854103,29.637,0,0.238176,91.577,1.59,16758760,16758600,15347176,"","",9624214,Bee,"","","","","","","","","",pooled whole bodies,RNA,03/2018,No,Israel,PRJNA687318,Andrena
SRR13404640,Lauren Mee,2022-10-14 09:17:21 -0700,COMPLETE,12590,38382282,13825213,36.02,0,0.177727,92.831,1.83,25292168,25291838,23479060,"","",12858558,Bee,"","","","","","","","","",pooled whole bodies,RNA,03/2018,No,Israel,PRJNA687318,Andrena
SRR8335251,Lauren Mee,2022-10-14 09:18:50 -0700,COMPLETE,10359,6884458,4487507,65.183,0,0.637229,83.186,1.47,6820168,6807802,5673446,"","",3865124,Bee,"","","","","","","","","",whole body,RNA,01/2017,No,China,PRJNA510543,Andrena camellia
SRR8335252,Lauren Mee,2022-10-14 09:19:19 -0700,COMPLETE,10385,6427038,3798657,59.104,0,0.758888,79.012,1.47,6317702,6305744,4991770,"","",3392478,Bee,"","","","","","","","","",whole body,RNA,01/2017,No,China,PRJNA510543,Andrena camellia
SRR8335253,Lauren Mee,2022-10-14 09:19:50 -0700,COMPLETE,10581,9148200,5817963,63.597,0,0.469734,82.557,1.43,8993954,8977780,7425134,"","",5204248,Bee,"","","","","","","","","",whole body,RNA,01/2017,No,China,PRJNA510543,Andrena camellia
SRR8335254,Lauren Mee,2022-10-14 09:20:30 -0700,COMPLETE,9054,5708620,3635042,63.676,0,0.753224,82.53,1.41,5616690,5600722,4635450,"","",3285396,Bee,"","","","","","","","","",whole body,RNA,01/2017,No,China,PRJNA510543,Andrena camellia
SRR10034518,Lauren Mee,2022-10-15 03:25:41 -0700,COMPLETE,8368,25496388,1486712,5.831,0,1.0,88.845,2.86,7115128,7019648,6321408,"","",2209466,Bee,"","","","","","","","","",Midgut,RNA,08/2020,No,China,PRJNA562784,Apis cerana
SRR10034519,Lauren Mee,2022-10-15 03:27:06 -0700,COMPLETE,8147,43352284,3475124,8.016,0,1.0,87.3,4.8,15498330,15332308,13529968,"","",2821102,Bee,"","","","","","","","","",Midgut,RNA,08/2020,No,China,PRJNA562784,Apis cerana
SRR10034522,Lauren Mee,2022-10-15 03:29:22 -0700,COMPLETE,8948,33531814,3099584,9.244,0,1.0,89.38,3.49,9001952,8885162,8045978,"","",2305550,Bee,"","","","","","","","","",Midgut,RNA,08/2020,No,China,PRJNA562784,Apis cerana
SRR10034523,Lauren Mee,2022-10-15 03:31:10 -0700,COMPLETE,8255,34845954,1589564,4.562,0,1.0,87.041,4.12,6574298,6458398,5722328,"","",1389438,Bee,"","","","","","","","","",Midgut,RNA,08/2020,No,China,PRJNA562784,Apis cerana
SRR12527949,Lauren Mee,2022-10-15 03:33:02 -0700,COMPLETE,21023,37122098,14803121,39.877,0,0.237196,51.461,1.79,36570706,28142146,18819734,"","",10536826,Bee,"","","","","","","","","",whole body,DNA,08/2016,No,China,PRJNA659147,Bombus breviceps
SRR12527950,Lauren Mee,2022-10-15 03:34:58 -0700,COMPLETE,19460,21983154,10441953,47.5,0,0.255388,63.536,1.35,21643100,18044534,13751172,"","",10213286,Bee,"","","","","","","","","",whole body,DNA,08/2016,No,China,PRJNA659148,Bombus breviceps
SRR12527951,Lauren Mee,2022-10-15 03:36:15 -0700,COMPLETE,20319,25080428,10378194,41.38,0,0.248832,56.366,1.31,24753496,19897958,13952622,"","",10689262,Bee,"","","","","","","","","",whole body,DNA,08/2016,No,China,PRJNA659149,Bombus breviceps
SRR12527952,Lauren Mee,2022-10-15 03:37:39 -0700,COMPLETE,15911,13232186,3078885,23.268,0,0.658912,40.688,1.02,12952168,12951922,5269950,"","",5162594,Bee,"","","","","","","","","",whole body,DNA,08/2016,No,China,PRJNA659150,Bombus breviceps
SRR13769013,Lauren Mee,2022-10-15 03:38:52 -0700,COMPLETE,10065,17484268,14984808,85.705,0,0.236083,93.185,1.74,16830596,16830596,15683600,"","",8996780,Bee,"","","","","","","","","",pooled whole bodies (293),RNA,01/2011,No,"Scotland, United Kingdom",PRJNA704259,Bombus
SRR1380984,Lauren Mee,2022-10-15 03:39:38 -0700,COMPLETE,3677,7148770,1927964,26.969,0,1.0,61.023,1.57,4884928,4857734,2980926,"","",1900714,Bee,"","","","","","","","","",Gut,RNA,01/2013,No,South Korea,PRJNA235974,Apis cerana
SRR12527928,Lauren Mee,2022-10-16 03:09:58 -0700,COMPLETE,11233,3512640,2302210,65.541,0,1.0,82.085,1.52,3350136,3305564,2749972,"","",1804146,Bee,"","","","","","","","","",whole body,RNA,08/2016,No,China,PRJNA659133,Bombus confusus
SRR12527929,Lauren Mee,2022-10-16 03:10:19 -0700,COMPLETE,9816,662806,152376,22.99,0,1.0,47.742,1.16,594766,594490,283954,"","",245212,Bee,"","","","","","","","","",whole body,RNA,08/2016,No,China,PRJNA659133,Bombus haemorrhoidalis
SRR12527943,Lauren Mee,2022-10-16 03:10:31 -0700,COMPLETE,16155,16311430,6697594,41.061,0,0.376334,55.615,1.28,15959452,11504666,8875834,"","",6961356,Bee,"","","","","","","","","",whole body,DNA,08/2016,No,China,PRJNA659141,Bombus difficillimus
SRR12527944,Lauren Mee,2022-10-16 03:11:28 -0700,COMPLETE,15206,18068676,8044356,44.521,0,0.442143,59.078,1.83,17650720,14670884,10427630,"","",5698428,Bee,"","","","","","","","","",whole body,DNA,08/2016,No,China,PRJNA659142,Bombus difficillimus
SRR12527947,Lauren Mee,2022-10-16 03:12:29 -0700,COMPLETE,19929,33400616,6286297,18.821,0,0.327427,31.7,1.03,32722700,32722294,10372978,"","",10086344,Bee,"","","","","","","","","",whole body,DNA,08/2016,No,China,PRJNA659145,Bombus difficillimus
SRR12527962,Lauren Mee,2022-10-16 03:15:13 -0700,COMPLETE,10503,8277422,4614978,55.754,0,0.710433,86.638,1.7,7689662,7689378,6662168,"","",3928928,Bee,"","","","","","","","","",whole body,RNA,08/2016,No,China,PRJNA659133,Bombus difficillimus
SRR12527963,Lauren Mee,2022-10-16 03:15:48 -0700,COMPLETE,5039,842906,156850,18.608,0,1.0,45.568,1.14,621756,621606,283320,"","",248362,Bee,"","","","","","","","","",whole body,RNA,08/2016,No,China,PRJNA659133,Bombus breviceps
SRR12527965,Lauren Mee,2022-10-16 03:16:00 -0700,COMPLETE,10297,7612260,4968363,65.268,0,0.474619,88.778,1.28,6983340,6983072,6199692,"","",4855974,Bee,"","","","","","","","","",whole body,RNA,08/2016,No,China,PRJNA659133,Bombus consobrinus
SRR12527975,Lauren Mee,2022-10-16 03:16:32 -0700,COMPLETE,22279,40218692,22379656,55.645,0,0.105952,73.077,1.2,39855118,33993526,29125098,"","",24340912,Bee,"","","","","","","","","",whole body,DNA,08/2019,No,China,PRJNA659167,Bombus consobrinus
SRR12527976,Lauren Mee,2022-10-16 03:18:40 -0700,COMPLETE,16083,9474614,1396654,14.741,0,1.0,43.865,1.06,9218298,9218132,4043576,"","",3809346,Bee,"","","","","","","","","",whole body,DNA,08/2019,No,China,PRJNA659168,Bombus consobrinus
SRR12527931,Lauren Mee,2022-10-17 01:21:34 -0700,COMPLETE,14563,9698838,4875858,50.273,0,0.491804,70.193,1.21,9625552,8429542,6756430,"","",5587908,Bee,"","","","","","","","","",whole body,DNA,08/2016,No,China,PRJNA659134,Bombus ignitus
SRR12527935,Lauren Mee,2022-10-17 01:22:37 -0700,COMPLETE,6810,4348214,681116,15.664,0,1.0,45.446,1.47,3793590,3791896,1724020,"","",1173634,Bee,"","","","","","","","","",whole body,RNA,08/2016,No,China,PRJNA659133,Bombus ignitus
SRR12527942,Lauren Mee,2022-10-17 01:23:24 -0700,COMPLETE,20884,31969392,17583532,55.001,0,0.218079,72.783,1.93,31648350,27165248,23034748,"","",11914928,Bee,"","","","","","","","","",whole body,DNA,08/2016,No,China,PRJNA659140,Bombus ignitus
SRR12527953,Lauren Mee,2022-10-17 01:27:56 -0700,COMPLETE,19240,42949722,24214094,56.378,0,0.109941,75.13,1.34,42581978,37491208,31991684,"","",23874596,Bee,"","","","","","","","","",whole body,DNA,08/2016,No,China,PRJNA659151,Bombus ignitus
SRR12527964,Lauren Mee,2022-10-17 01:30:12 -0700,COMPLETE,6125,1277234,340176,26.634,16,1.0,74.068,1.32,1079052,1078816,799228,"","",606966,Bee,"","","","","","","","","",whole body,RNA,08/2016,No,China,PRJNA659133,Bombus opulentus
SRR12527970,Lauren Mee,2022-10-17 01:30:26 -0700,COMPLETE,15644,12143352,2759921,22.728,0,0.785014,50.188,1.06,12088430,12088078,6066888,"","",5708628,Bee,"","","","","","","","","",whole body,DNA,08/2016,No,China,PRJNA659162,Bombus opulentus
SRR12527971,Lauren Mee,2022-10-17 01:31:33 -0700,COMPLETE,22082,31185104,15528221,49.794,0,0.156785,71.366,1.23,30891268,26539072,22045802,"","",17898804,Bee,"","","","","","","","","",whole body,DNA,08/2019,No,China,PRJNA659163,Bombus ignitus
SRR13769014,Lauren Mee,2022-10-17 01:33:17 -0700,COMPLETE,11065,5691354,5323265,93.532,0,0.507558,99.187,1.34,5617856,5617854,5572156,"","",4150352,Bee,"","","","","","","","","",pooled whole bodies (182),RNA,01/2011,No,"Scotland, United Kingdom",PRJNA704259,Bombus pascuorum
SRR13769015,Lauren Mee,2022-10-17 01:33:42 -0700,COMPLETE,12641,6946090,6077986,87.502,0,0.489396,91.361,1.49,6862558,6862558,6269698,"","",4212118,Bee,"","","","","","","","","",pooled whole bodies (182),RNA,01/2011,No,"Scotland, United Kingdom",PRJNA704259,Bombus pascuorum
SRR13769016,Lauren Mee,2022-10-17 01:34:37 -0700,COMPLETE,12501,6831040,6087722,89.119,0,0.376493,99.073,1.16,6527976,6527974,6467434,"","",5598272,Bee,"","","","","","","","","",pooled whole bodies (212),RNA,01/2011,No,"Scotland, United Kingdom",PRJNA704259,Bombus lucorum
SRR13769017,Lauren Mee,2022-10-17 01:35:02 -0700,COMPLETE,9882,7897406,6423106,81.332,0,0.376321,90.801,1.22,7450628,7450628,6765212,"","",5548676,Bee,"","","","","","","","","",pooled whole bodies (212),RNA,01/2011,No,"Scotland, United Kingdom",PRJNA704259,Bombus lucorum
SRR6148366,Lauren Mee,2022-10-17 01:36:02 -0700,COMPLETE,4825,716356,511080,71.344,0,1.0,77.581,1.34,681758,672410,528914,"","",393446,Bee,"","","","","","","","","",pool of heads and abdomen,RNA,05/2015,No,Belgium,PRJNA411946,Bombus pascuorum
SRR6148369,Lauren Mee,2022-10-17 01:36:14 -0700,COMPLETE,7032,1632458,1290520,79.054,2,1.0,83.469,1.17,1583458,1541656,1321692,"","",1134166,Bee,"","","","","","","","","",pool of heads and abdomen,RNA,04/2015,No,Belgium,PRJNA411946,Bombus pascuorum
SRR6148372,Lauren Mee,2022-10-17 01:36:29 -0700,COMPLETE,6572,1202346,883980,73.521,0,1.0,79.868,1.29,1143600,1084526,913374,"","",707802,Bee,"","","","","","","","","",pool of heads and abdomen,RNA,04/2015,No,Belgium,PRJNA411946,Bombus pascuorum
SRR6148376,Lauren Mee,2022-10-17 01:36:42 -0700,COMPLETE,9794,2311474,1871338,80.959,0,1.0,86.765,1.19,2235204,2196346,1939376,"","",1633376,Bee,"","","","","","","","","",pool of heads and abdomen,RNA,04/2015,No,Belgium,PRJNA411946,Bombus pascuorum
SRR12527945,Lauren Mee,2022-10-17 04:03:07 -0700,COMPLETE,17923,10643288,5084078,47.768,0,0.881002,72.151,2.28,10333622,9004998,7455758,"","",3274514,Bee,"","","","","","","","","",whole body,DNA,08/2016,No,China,PRJNA659143,Bombus difficillimus
SRR12527967,Lauren Mee,2022-10-17 04:06:28 -0700,COMPLETE,6254,3584883,2842645,79.295,0,0.977064,99.981,2.74,3341906,3341257,3341257,"","",1218523,Bee,"","","","","","","","","",whole body,DNA,08/2016,No,China,PRJNA659159,Bombus opulentus
SRR12527969,Lauren Mee,2022-10-17 04:06:46 -0700,COMPLETE,5984,4099943,3234539,78.892,0,0.426949,99.529,1.37,3833340,3815273,3815273,"","",2789150,Bee,"","","","","","","","","",whole body,DNA,08/2016,No,China,PRJNA659161,Bombus opulentus
SRR12527946,Lauren Mee,2022-10-17 05:50:06 -0700,COMPLETE,14929,5684014,2966409,52.189,0,0.81737,77.574,1.22,5548668,5060672,4304310,"","",3529728,Bee,"","","","","","","","","",whole body,DNA,08/2016,No,China,PRJNA659144,Bombus difficillimus
SRR12527972,Lauren Mee,2022-10-17 05:50:32 -0700,COMPLETE,10645,8109254,3704812,45.686,0,1.0,58.093,2.68,8061156,6094990,4682954,"","",1744396,Bee,"","","","","","","","","",whole body,DNA,08/2019,No,China,PRJNA659164,Bombus consobrinus
SRR12527973,Lauren Mee,2022-10-17 05:51:04 -0700,COMPLETE,17927,27131814,15136887,55.79,0,0.207446,72.355,1.57,26917542,24331918,19476102,"","",12408090,Bee,"","","","","","","","","",whole body,DNA,08/2019,No,China,PRJNA659165,Bombus consobrinus
SRR12527974,Lauren Mee,2022-10-17 05:53:05 -0700,COMPLETE,14370,20787160,12055252,57.994,0,0.210499,74.826,1.28,20669494,18907920,15466094,"","",12116578,Bee,"","","","","","","","","",whole body,DNA,08/2019,No,China,PRJNA659166,Bombus consobrinus
SRR1503129,Lauren Mee,2022-10-17 05:54:14 -0700,COMPLETE,12837,6747452,4106528,60.86,0,0.609754,85.387,1.26,6616752,6616740,5649826,"","",4483074,Bee,"","","","","","","","","",Whole Body,RNA,04/2011,No,Germany,PRJNA252326,Anthophora plumipes
SRR3383871,Lauren Mee,2022-10-17 05:54:45 -0700,COMPLETE,3919,393764,97994,24.886,0,1.0,96.149,1.87,139913,134525,134525,"","",71987,Bee,"","","","","","","","","",head and abdomen (pooled 5 females),RNA,04/2015,No,Belgium,PRJNA318490,Andrena vaga
SRR12527948,Lauren Mee,2022-10-17 06:26:08 -0700,COMPLETE,7291,5939140,2166798,36.483,0,1.0,51.065,2.55,5816514,4631438,2970218,"","",1166040,Bee,"","","","","","","","","",whole body,DNA,08/2016,No,China,PRJNA659146,Bombus breviceps
SRR12527959,Lauren Mee,2022-10-17 06:26:34 -0700,COMPLETE,10827,6084838,2856268,46.941,0,1.0,63.369,1.62,6007160,5489678,3806700,"","",2357062,Bee,"","","","","","","","","",whole body,DNA,08/2016,No,China,PRJNA659157,Bombus opulentus
SRR12527960,Lauren Mee,2022-10-17 06:27:02 -0700,COMPLETE,11997,75000000,74234666,98.98,0,0.0196239,99.037,1.46,74999989,74279091,74277959,"","",51003482,Bee,"","","","","","","","","",whole body,DNA,08/2016,No,China,PRJNA659158,Bombus ignitus
SRR12527968,Lauren Mee,2022-10-17 06:33:58 -0700,COMPLETE,11524,13041322,6936664,53.19,0,0.515465,72.514,1.81,12959982,11748128,9397838,"","",5187298,Bee,"","","","","","","","","",whole body,DNA,08/2016,No,China,PRJNA659160,Bombus opulentus
ERR10123638,Lauren Mee,2022-10-18 01:27:49 -0700,COMPLETE,3584,1359738,213926,15.733,0,1.0,35.88,1.22,1295098,1283938,464680,"","",382358,Bee,"","","","","","","","","",abdomen,RNA,09/2020,No,United Kingdom,PRJEB43529,Bombus pascuorum
SRR12233573,Lauren Mee,2022-10-18 01:28:03 -0700,COMPLETE,15184,10291982,6435810,62.532,0,0.389273,78.264,1.26,9910422,9903364,7756318,"","",6155884,Bee,"","","","","","","","","",whole body,RNA,07/2019,No,China,PRJNA646593,Bombus pyrosoma
SRR12233820,Lauren Mee,2022-10-18 01:28:43 -0700,COMPLETE,19888,14091520,9067725,64.349,0,0.297571,79.427,1.36,13530318,13519250,10746770,"","",7926922,Bee,"","","","","","","","","",whole body,RNA,07/2019,No,China,PRJNA646602,Bombus pyrosoma
SRR12235348,Lauren Mee,2022-10-18 01:29:33 -0700,COMPLETE,17952,8267662,4424493,53.516,0,0.563748,71.125,1.26,7799426,7791308,5547334,"","",4420062,Bee,"","","","","","","","","",whole body,RNA,07/2019,No,China,PRJNA646687,Bombus pyrosoma
SRR12244814,Lauren Mee,2022-10-18 01:30:08 -0700,COMPLETE,11552,10543380,6731283,63.844,0,0.370822,81.445,1.25,10076248,10066516,8206580,"","",6581490,Bee,"","","","","","","","","",whole body,RNA,07/2019,No,China,PRJNA646806,Bombus pyrosoma
SRR12245258,Lauren Mee,2022-10-18 01:30:48 -0700,COMPLETE,16614,18093702,13342169,73.739,0,0.188154,86.703,1.26,17566912,17555752,15231118,"","",12122382,Bee,"","","","","","","","","",whole body,RNA,07/2019,No,China,PRJNA646816,Bombus pyrosoma
SRR12245523,Lauren Mee,2022-10-18 01:31:50 -0700,COMPLETE,13985,10468114,6773519,64.706,0,0.373796,82.105,1.27,10000110,9992844,8210582,"","",6466972,Bee,"","","","","","","","","",whole body,RNA,07/2019,No,China,PRJNA646831,Bombus pyrosoma
SRR12527934,Lauren Mee,2022-10-18 01:32:31 -0700,COMPLETE,10462,1541660,447544,29.03,0,1.0,65.486,1.13,1233268,1232764,807616,"","",715510,Bee,"","","","","","","","","",whole body,RNA,08/2016,No,China,PRJNA659133,Bombus pyrosoma
SRR12527936,Lauren Mee,2022-10-18 01:32:46 -0700,COMPLETE,7612,844488,308402,36.519,34,1.0,65.098,1.17,696044,695760,453110,"","",386374,Bee,"","","","","","","","","",whole body,RNA,08/2016,No,China,PRJNA659133,Bombus picipes
SRR12527954,Lauren Mee,2022-10-18 01:32:59 -0700,COMPLETE,13801,10799822,3467503,32.107,72,0.649294,46.849,1.14,10399822,7043570,4872220,"","",4276650,Bee,"","","","","","","","","",whole body,DNA,08/2016,No,China,PRJNA659152,Bombus skorikovi
SRR12527955,Lauren Mee,2022-10-18 01:33:41 -0700,COMPLETE,18659,13457674,6032983,44.829,46,0.392003,63.647,1.19,13089014,10931246,8330706,"","",6985300,Bee,"","","","","","","","","",whole body,DNA,08/2016,No,China,PRJNA659153,Bombus skorikovi
SRR12527957,Lauren Mee,2022-10-18 01:34:30 -0700,COMPLETE,18894,21660954,9726654,44.904,38,0.23413,65.112,1.15,21249078,17850028,13835674,"","",12065674,Bee,"","","","","","","","","",whole body,DNA,08/2016,No,China,PRJNA659155,Bombus skorikovi
SRR12527958,Lauren Mee,2022-10-18 01:35:43 -0700,COMPLETE,13861,17218238,1708792,9.924,0,1.0,24.871,1.22,16098572,16098408,4003918,"","",3271834,Bee,"","","","","","","","","",whole body,DNA,08/2016,No,China,PRJNA659156,Bombus skorikovi
SRR12527966,Lauren Mee,2022-10-18 01:37:12 -0700,COMPLETE,7991,5405828,1600372,29.605,12,1.0,89.369,1.53,4589590,4589454,4101680,"","",2672372,Bee,"","","","","","","","","",whole body,RNA,08/2016,No,China,PRJNA659133,Bombus sibiricus
SRR1503088,Lauren Mee,2022-10-18 01:37:38 -0700,COMPLETE,4807,2723302,1940076,71.24,0,1.0,84.498,2.96,2585762,2585758,2184924,"","",737834,Bee,"","","","","","","","","",whole body,RNA,07/2011,No,France,PRJNA252285,Bombus rupestris
SRR3383869,Lauren Mee,2022-10-18 01:37:57 -0700,COMPLETE,4172,294898,115352,39.116,1,1.0,96.259,1.39,250596,241222,241222,"","",173876,Bee,"","","","","","","","","",head and abdomen (pooled 5 queens),RNA,04/2015,No,Belgium,PRJNA318490,Bombus pascuorum
SRR6148378,Lauren Mee,2022-10-18 01:38:07 -0700,COMPLETE,6926,8277952,6332415,76.497,0,0.463204,84.677,1.47,7878684,7828672,6671434,"","",4543760,Bee,"","","","","","","","","",pool of heads and abdomen,RNA,04/2015,No,Belgium,PRJNA411946,Bombus pascuorum
SRR6370988,Lauren Mee,2022-10-18 01:38:33 -0700,COMPLETE,17970,9091062,2927766,32.205,0,0.640658,64.126,1.16,7422336,7420780,4759648,"","",4100096,Bee,"","","","","","","","","",whole body,RNA,07/2019,No,China,PRJNA422009,Bombus pyrosoma
SRR12527956,Lauren Mee,2022-10-18 01:54:04 -0700,COMPLETE,17305,12966420,6445870,49.712,46,0.36339,74.869,1.18,12476738,11468784,9341234,"","",7921404,Bee,"","","","","","","","","",whole body,DNA,08/2016,No,China,PRJNA659154,Bombus skorikovi
SRR12527977,Lauren Mee,2022-10-18 01:55:56 -0700,COMPLETE,7745,6003144,2286232,38.084,0,1.0,50.814,1.49,5779448,4668886,2936748,"","",1973796,Bee,"","","","","","","","","",whole body,DNA,08/2019,No,China,PRJNA659169,Bombus sibiricus
SRR2396634,Lauren Mee,2022-10-18 03:22:06 -0700,COMPLETE,3756,6205047,6013895,96.919,0,1.0,97.255,9.06,6186330,6109447,6016522,"","",664177,Bee,"","","","","","","","","",abdomen with fat bodies,RNA,10/2015,No,Israel,PRJNA295976,Bombus terrestris
SRR12527930,Lauren Mee,2022-10-18 03:27:46 -0700,COMPLETE,7304,18988910,2363766,12.448,0,1.0,82.894,3.62,5702650,5702576,4727174,"","",1307450,Bee,"","","","","","","","","",whole body,RNA,08/2016,No,China,PRJNA659133,Bombus soroeensis
SRR12527932,Lauren Mee,2022-10-18 03:28:51 -0700,COMPLETE,8751,2436378,1634084,67.07,0,1.0,82.696,1.14,2370892,2370698,1960636,"","",1721574,Bee,"","","","","","","","","",whole body,RNA,08/2016,No,China,PRJNA659133,Bombus superbus
SRR13769018,Lauren Mee,2022-10-18 03:29:08 -0700,COMPLETE,10960,6536334,5630048,86.135,0,0.409551,99.025,1.18,6181706,6181704,6121422,"","",5171030,Bee,"","","","","","","","","",pooled whole bodies (239),RNA,01/2011,No,"Scotland, United Kingdom",PRJNA704259,Bombus terrestris
SRR13769019,Lauren Mee,2022-10-18 03:29:33 -0700,COMPLETE,9930,7293814,6143073,84.223,0,0.404684,94.166,1.25,6923956,6923956,6520034,"","",5230462,Bee,"","","","","","","","","",pooled whole bodies (239),RNA,01/2011,No,"Scotland, United Kingdom",PRJNA704259,Bombus terrestris
SRR2396633,Lauren Mee,2022-10-18 03:30:01 -0700,COMPLETE,1853,212283,82059,38.655,0,1.0,54.199,1.36,162796,97582,88234,"","",65093,Bee,"","","","","","","","","",abdomen with fat bodies,RNA,10/2015,No,Israel,PRJNA295976,Bombus terrestris
SRR2396640,Lauren Mee,2022-10-18 03:30:10 -0700,COMPLETE,2574,216859,78749,36.313,0,1.0,67.859,1.61,123758,94311,83981,"","",52310,Bee,"","","","","","","","","",abdomen with fat bodies,RNA,10/2015,No,Israel,PRJNA295976,Bombus terrestris
SRR2396641,Lauren Mee,2022-10-18 03:30:18 -0700,COMPLETE,2786,283328,82651,29.171,0,1.0,42.708,1.57,205256,97241,87661,"","",55838,Bee,"","","","","","","","","",abdomen with fat bodies,RNA,10/2015,No,Israel,PRJNA295976,Bombus terrestris
SRR2396644,Lauren Mee,2022-10-18 03:30:27 -0700,COMPLETE,2404,343511,117749,34.278,0,1.0,52.326,1.41,243999,138870,127676,"","",90584,Bee,"","","","","","","","","",abdomen with fat bodies,RNA,10/2015,No,Israel,PRJNA295976,Bombus terrestris
SRR2396653,Lauren Mee,2022-10-18 03:30:35 -0700,COMPLETE,3867,955615,341575,35.744,0,1.0,55.226,1.44,674161,386286,372313,"","",259220,Bee,"","","","","","","","","",abdomen with fat bodies,RNA,10/2015,No,Israel,PRJNA295976,Bombus terrestris
SRR2396654,Lauren Mee,2022-10-18 03:30:45 -0700,COMPLETE,2680,340056,57990,17.053,0,1.0,30.268,1.33,209350,73019,63367,"","",47519,Bee,"","","","","","","","","",abdomen with fat bodies,RNA,10/2015,No,Israel,PRJNA295976,Bombus terrestris
SRR2396655,Lauren Mee,2022-10-18 03:30:53 -0700,COMPLETE,2234,502075,92958,18.515,0,1.0,44.595,1.54,230762,113013,102909,"","",66766,Bee,"","","","","","","","","",abdomen with fat bodies,RNA,10/2015,No,Israel,PRJNA295976,Bombus terrestris
SRR2396656,Lauren Mee,2022-10-18 03:31:02 -0700,COMPLETE,2792,632940,136175,21.515,0,1.0,30.883,1.41,499559,167503,154278,"","",109239,Bee,"","","","","","","","","",abdomen with fat bodies,RNA,10/2015,No,Israel,PRJNA295976,Bombus terrestris
SRR2396657,Lauren Mee,2022-10-18 03:31:11 -0700,COMPLETE,3254,479750,136536,28.46,0,1.0,43.687,1.32,350143,165453,152967,"","",115961,Bee,"","","","","","","","","",abdomen with fat bodies,RNA,10/2015,No,Israel,PRJNA295976,Bombus terrestris
SRR6148368,Lauren Mee,2022-10-18 03:31:20 -0700,COMPLETE,4186,1220458,593106,48.597,0,1.0,77.72,1.32,800306,740874,621996,"","",472680,Bee,"","","","","","","","","",pool of heads and abdomen,RNA,04/2015,No,Belgium,PRJNA411946,Bombus terrestris
SRR11445089,Lauren Mee,2022-10-18 09:28:39 -0700,COMPLETE,6877,7596554,1343568,17.687,6,0.867789,83.621,1.95,5700768,5683016,4767010,"","",2440262,Bee,"","","","","","","","","",whole body (pool of 3),RNA,01/2015,No,United Kingdom,PRJNA615177,Bombus terrestris
SRR11445090,Lauren Mee,2022-10-18 09:29:07 -0700,COMPLETE,6513,6621976,1052408,15.893,0,0.946244,83.991,1.94,5150882,5121090,4326254,"","",2235304,Bee,"","","","","","","","","",whole body (pool of 3),RNA,01/2015,No,United Kingdom,PRJNA615177,Bombus terrestris
SRR11445091,Lauren Mee,2022-10-18 09:29:30 -0700,COMPLETE,7541,7437522,990043,13.311,0,0.859651,84.719,2.12,6158490,6146680,5217392,"","",2460946,Bee,"","","","","","","","","",whole body (pool of 3),RNA,01/2015,No,United Kingdom,PRJNA615177,Bombus terrestris
SRR11448239,Lauren Mee,2022-10-18 09:29:59 -0700,COMPLETE,7299,7114380,954052,13.41,8,0.915132,82.896,2.11,5867102,5846084,4863562,"","",2310186,Bee,"","","","","","","","","",whole body (pool of 3),RNA,01/2015,No,United Kingdom,PRJNA615177,Bombus terrestris
SRR11448240,Lauren Mee,2022-10-18 09:30:25 -0700,COMPLETE,6932,8842990,936230,10.587,0,0.820535,83.901,2.38,7259486,7239868,6090766,"","",2561532,Bee,"","","","","","","","","",whole body (pool of 3),RNA,01/2015,No,United Kingdom,PRJNA615177,Bombus terrestris
SRR11448241,Lauren Mee,2022-10-18 09:30:54 -0700,COMPLETE,7144,7366838,1064142,14.445,0,0.912985,83.948,2.31,6341910,6325442,5323886,"","",2309372,Bee,"","","","","","","","","",whole body (pool of 3),RNA,01/2015,No,United Kingdom,PRJNA615177,Bombus terrestris
SRR12527933,Lauren Mee,2022-10-18 09:31:21 -0700,COMPLETE,11867,1471660,714566,48.555,44,1.0,68.13,1.18,1352732,1352332,921622,"","",778176,Bee,"","","","","","","","","",whole body,RNA,08/2016,No,China,PRJNA659133,Bombus turneri
SRR12527937,Lauren Mee,2022-10-18 09:31:35 -0700,COMPLETE,9379,10349434,2441996,23.595,0,1.0,36.689,1.78,9974142,5269668,3659432,"","",2058316,Bee,"","","","","","","","","",whole body,DNA,08/2016,No,China,PRJNA659135,Bombus waltoni
SRR12527938,Lauren Mee,2022-10-18 09:32:15 -0700,COMPLETE,9261,12236854,2981726,24.367,0,1.0,42.527,2.02,11921530,7874620,5069898,"","",2504946,Bee,"","","","","","","","","",whole body,DNA,08/2016,No,China,PRJNA659136,Bombus waltoni
SRR12527939,Lauren Mee,2022-10-18 09:33:03 -0700,COMPLETE,13198,16660914,4261440,25.577,0,0.777106,44.607,1.6,16234414,10539258,7241638,"","",4531770,Bee,"","","","","","","","","",whole body,DNA,08/2016,No,China,PRJNA659137,Bombus waltoni
SRR14567209,Lauren Mee,2022-10-18 09:34:03 -0700,COMPLETE,11225,17819084,14825685,83.201,0,0.191138,89.719,1.43,17388384,17367536,15600630,"","",10875788,Bee,"","","","","","","","","",abdomen,RNA,06/2021,No,Canada,PRJNA730495,Bombus terricola
SRR14567210,Lauren Mee,2022-10-18 09:34:51 -0700,COMPLETE,8868,11064092,8784716,79.398,2,0.264084,87.191,1.18,10769384,10747302,9389930,"","",7954726,Bee,"","","","","","","","","",abdomen,RNA,06/2021,No,Canada,PRJNA730495,Bombus terricola
SRR14567211,Lauren Mee,2022-10-18 09:35:23 -0700,COMPLETE,9822,7833378,5963696,76.132,0,0.606355,84.678,1.82,7558634,7536966,6400498,"","",3514620,Bee,"","","","","","","","","",abdomen,RNA,06/2021,No,Canada,PRJNA730495,Bombus terricola
SRR14567212,Lauren Mee,2022-10-18 09:35:54 -0700,COMPLETE,10928,17216998,13847272,80.428,0,0.192688,88.986,1.36,16626800,16596548,14795550,"","",10890902,Bee,"","","","","","","","","",abdomen,RNA,06/2021,No,Canada,PRJNA730495,Bombus terricola
SRR14567213,Lauren Mee,2022-10-18 09:36:38 -0700,COMPLETE,5878,3281370,1400848,42.691,0,1.0,66.649,1.34,2856680,2822136,1903958,"","",1418330,Bee,"","","","","","","","","",abdomen,RNA,06/2021,No,Canada,PRJNA730495,Bombus terricola
SRR14567214,Lauren Mee,2022-10-18 09:36:56 -0700,COMPLETE,10513,5659714,3685257,65.114,2,0.612566,82.761,1.18,5121780,5087580,4238836,"","",3596674,Bee,"","","","","","","","","",abdomen,RNA,06/2021,No,Canada,PRJNA730495,Bombus terricola
SRR14567217,Lauren Mee,2022-10-18 09:37:17 -0700,COMPLETE,10216,13241754,10172123,76.819,2,0.330754,85.298,1.69,12785072,12736700,10905412,"","",6446476,Bee,"","","","","","","","","",abdomen,RNA,06/2021,No,Canada,PRJNA730495,Bombus terricola
SRR14567218,Lauren Mee,2022-10-18 09:37:54 -0700,COMPLETE,10284,6346846,4462466,70.31,0,0.723242,83.808,1.63,6001696,5956984,5029902,"","",3080062,Bee,"","","","","","","","","",abdomen,RNA,06/2021,No,Canada,PRJNA730495,Bombus terricola
SRR14567219,Lauren Mee,2022-10-18 09:38:19 -0700,COMPLETE,4867,2171138,725434,33.413,0,1.0,69.086,1.37,1684944,1665516,1164066,"","",849604,Bee,"","","","","","","","","",abdomen,RNA,06/2021,No,Canada,PRJNA730495,Bombus terricola
SRR14567220,Lauren Mee,2022-10-18 09:38:33 -0700,COMPLETE,12421,18523750,14748763,79.621,0,0.153412,88.353,1.17,17985880,17966604,15891008,"","",13628174,Bee,"","","","","","","","","",abdomen,RNA,06/2021,No,Canada,PRJNA730495,Bombus terricola
SRR14567221,Lauren Mee,2022-10-18 09:39:20 -0700,COMPLETE,8175,8006750,5849884,73.062,0,0.576829,83.841,1.7,7600374,7571992,6372214,"","",3749328,Bee,"","","","","","","","","",abdomen,RNA,06/2021,No,Canada,PRJNA730495,Bombus terricola
SRR14567222,Lauren Mee,2022-10-18 09:39:46 -0700,COMPLETE,8009,6900698,4647910,67.354,0,0.474696,82.598,1.16,6342272,6307594,5238618,"","",4525958,Bee,"","","","","","","","","",abdomen,RNA,06/2021,No,Canada,PRJNA730495,Bombus terricola
SRR3383868,Lauren Mee,2022-10-18 09:40:42 -0700,COMPLETE,4555,816714,312762,38.295,2,1.0,88.627,1.37,577715,512009,512009,"","",374363,Bee,"","","","","","","","","",head and abdomen (pooled 5 queens),RNA,04/2015,No,Belgium,PRJNA318490,Bombus terrestris
SRR6148370,Lauren Mee,2022-10-18 09:40:53 -0700,COMPLETE,5373,1806064,898146,49.729,0,1.0,79.817,1.34,1183418,1135228,944566,"","",705562,Bee,"","","","","","","","","",pool of heads and abdomen,RNA,04/2015,No,Belgium,PRJNA411946,Bombus terrestris
SRR6148374,Lauren Mee,2022-10-18 09:41:06 -0700,COMPLETE,9440,4041730,3038671,75.182,0,0.767004,87.431,1.17,3602500,3564738,3149696,"","",2681980,Bee,"","","","","","","","","",pool of heads and abdomen,RNA,04/2015,No,Belgium,PRJNA411946,Bombus terrestris
SRR12527961,Lauren Mee,2022-10-19 01:29:11 -0700,COMPLETE,10276,2688114,549670,20.448,0,1.0,75.946,1.22,2491586,2491394,1892248,"","",1544880,Bee,"","","","","","","","","",whole body,RNA,08/2016,No,China,PRJNA659133,Bombus waltoni
SRR2915407,Lauren Mee,2022-10-19 01:29:31 -0700,COMPLETE,6128,2198920,1476892,67.164,0,1.0,87.148,1.2,1913228,1912472,1667342,"","",1390708,Bee,"","","","","","","","","",whole body,RNA,12/2014,No,Australia,PRJNA302035,Ceratina australensis
SRR2954866,Lauren Mee,2022-10-19 01:29:46 -0700,COMPLETE,5820,2152322,1454028,67.556,0,1.0,87.5,1.21,1873770,1873062,1639550,"","",1360294,Bee,"","","","","","","","","",whole body,RNA,12/2014,No,Australia,PRJNA302035,Ceratina australensis
SRR10765021,Lauren Mee,2022-10-20 03:07:03 -0700,COMPLETE,6604,4254222,1473182,34.629,0,1.0,65.923,1.23,3854542,3804210,2541026,"","",2061390,Bee,"","","","","","","","","",whole body,RNA,11/2017,No,China,PRJNA512939,Colletes gigas
SRR12053408,Lauren Mee,2022-10-20 03:07:26 -0700,COMPLETE,9793,34384738,25277645,73.514,2,0.151824,84.907,1.89,31493098,31426448,26739874,"","",14131326,Bee,"","","","","","","","","",abdomen,RNA,11/2016,No,Mexico,PRJNA636137,Euglossa viridissima
SRR12053415,Lauren Mee,2022-10-20 03:08:45 -0700,COMPLETE,6884,26692928,19484769,72.996,0,0.190363,84.32,1.84,24763718,24550244,20880876,"","",11357626,Bee,"","","","","","","","","",abdomen,RNA,03/2016,No,Mexico,PRJNA636137,Euglossa dilemma
SRR12053427,Lauren Mee,2022-10-20 03:09:51 -0700,COMPLETE,7758,26556896,19413685,73.102,0,0.195797,84.146,1.88,24594518,24327084,20695218,"","",10986202,Bee,"","","","","","","","","",abdomen,RNA,05/2016,No,Mexico,PRJNA636137,Euglossa dilemma
SRR12527941,Lauren Mee,2022-10-20 03:10:54 -0700,COMPLETE,13927,11591062,1880590,16.224,0,1.0,40.637,1.08,11099200,11096114,4510366,"","",4178544,Bee,"","","","","","","","","",whole body,DNA,01/2017,No,China,PRJNA659139,Bombus waltoni
SRR1945064,Lauren Mee,2022-10-20 03:12:25 -0700,COMPLETE,7025,11743746,7252173,61.753,0,0.288987,74.976,1.05,11090740,11087738,8315354,"","",7926210,Bee,"","","","","","","","","",whole body,DNA,07/2011,No,Mexico,PRJNA279814,Eufriesea mexicana
SRR1945065,Lauren Mee,2022-10-20 03:12:59 -0700,COMPLETE,5202,6538318,4584648,70.12,0,0.448264,84.783,1.04,6212404,6205542,5267046,"","",5088348,Bee,"","","","","","","","","",whole body,DNA,07/2011,No,Mexico,PRJNA279814,Eufriesea mexicana
SRR1945094,Lauren Mee,2022-10-20 03:13:45 -0700,COMPLETE,6505,8320026,4131104,49.653,0,0.531586,55.589,1.1,7889378,7887280,4385632,"","",3979606,Bee,"","","","","","","","","",whole body,DNA,07/2011,No,Canada,PRJNA279825,Dufourea Novaeangliae
SRR2001766,Lauren Mee,2022-10-20 03:48:52 -0700,COMPLETE,8260,13427688,5802542,43.213,0,0.609839,47.586,1.8,12862028,10219728,6120482,"","",3396320,Bee,"","","","","","","","","",whole body,RNA,07/2011,No,Canada,PRJNA279825,Dufourea Novaeangliae
SRR12053406,Lauren Mee,2022-10-20 05:07:59 -0700,COMPLETE,6230,18167620,14295583,78.687,0,0.253648,82.561,1.79,17892230,17803782,14771946,"","",8249200,Bee,"","","","","","","","","",abdomen,RNA,10/2016,No,Mexico,PRJNA636137,Euglossa viridissima
SRR12053407,Lauren Mee,2022-10-20 05:08:45 -0700,COMPLETE,6774,14783358,11274247,76.263,8,0.304138,80.894,1.7,14498614,14363372,11728438,"","",6893414,Bee,"","","","","","","","","",abdomen,RNA,11/2016,No,Mexico,PRJNA636137,Euglossa viridissima
SRR12053413,Lauren Mee,2022-10-20 05:09:24 -0700,COMPLETE,7221,16479514,12975715,78.738,0,0.29485,84.077,1.9,16156060,16036738,13583448,"","",7152918,Bee,"","","","","","","","","",abdomen,RNA,03/2016,No,Mexico,PRJNA636137,Euglossa dilemma
SRR12053416,Lauren Mee,2022-10-20 05:10:08 -0700,COMPLETE,6660,15194882,11440585,75.292,0,0.384511,80.256,2.17,14948408,14853562,11996966,"","",5515962,Bee,"","","","","","","","","",abdomen,RNA,03/2016,No,Mexico,PRJNA636137,Euglossa dilemma
SRR12053417,Lauren Mee,2022-10-20 05:10:50 -0700,COMPLETE,6671,17403570,14266291,81.973,0,0.308749,86.51,2.18,17118428,17040708,14809210,"","",6787846,Bee,"","","","","","","","","",abdomen,RNA,03/2016,No,Mexico,PRJNA636137,Euglossa dilemma
SRR12053437,Lauren Mee,2022-10-20 05:11:35 -0700,COMPLETE,6649,13064360,9361160,71.654,0,0.355799,76.061,1.65,12785404,12692134,9724692,"","",5896176,Bee,"","","","","","","","","",abdomen,RNA,03/2017,No,Mexico,PRJNA636137,Euglossa dilemma
SRR12527940,Lauren Mee,2022-10-20 05:12:11 -0700,COMPLETE,11207,7906694,2745236,34.72,0,1.0,58.955,1.51,7693530,5955820,4535702,"","",3008608,Bee,"","","","","","","","","",whole body,DNA,08/2016,No,China,PRJNA659138,Bombus waltoni
SRR1503066,Lauren Mee,2022-10-20 05:12:44 -0700,COMPLETE,10629,13160702,7084139,53.828,0,0.357568,73.053,1.26,12168268,12168260,8889250,"","",7047650,Bee,"","","","","","","","","",whole body,RNA,09/2011,No,Italy,PRJNA252262,Epeolus variegatus
SRR1503113,Lauren Mee,2022-10-20 05:13:32 -0700,COMPLETE,7483,4745606,2974701,62.683,0,0.997218,77.472,1.43,4644948,4644898,3598512,"","",2513476,Bee,"","","","","","","","","",whole body,RNA,03/2017,No,"Florida, USA",PRJNA252310,Euglossa dilemma
SRR1945095,Lauren Mee,2022-10-20 05:13:59 -0700,COMPLETE,7324,46206076,33201794,71.856,0,0.101233,77.701,1.68,46018024,44763662,35756396,"","",21296972,Bee,"","","","","","","","","",whole body,DNA,07/2011,No,Canada,PRJNA279825,Dufourea Novaeangliae
SRR1945063,Lauren Mee,2022-10-20 10:06:12 -0700,COMPLETE,13787,2597302,1079834,41.575,0,1.0,51.628,1.12,2476328,2475040,1278470,"","",1143106,Bee,"","","","","","","","","",whole body,DNA,07/2011,No,Mexico,PRJNA279814,Eufriesea mexicana
SRR1945093,Lauren Mee,2022-10-20 10:06:27 -0700,COMPLETE,21202,3142604,2444776,77.795,0,0.828507,82.937,1.03,3058812,3054984,2536872,"","",2472532,Bee,"","","","","","","","","",whole body,DNA,07/2011,No,Canada,PRJNA279825,Dufourea Novaeangliae
SRR2001621,Lauren Mee,2022-10-20 10:06:44 -0700,COMPLETE,7739,3543220,1669804,47.127,0,1.0,62.944,1.21,3282428,2993246,2066098,"","",1705106,Bee,"","","","","","","","","",whole body,RNA,07/2011,No,Mexico,PRJNA279814,Eufriesea mexicana
SRR12053418,Lauren Mee,2022-10-21 00:34:22 -0700,COMPLETE,9814,28104558,20288392,72.189,4,0.212667,85.043,2.13,25388768,25295764,21591450,"","",10114318,Bee,"","","","","","","","","",abdomen,RNA,03/2016,No,Mexico,PRJNA636137,Euglossa viridissima
SRR12053420,Lauren Mee,2022-10-21 00:35:29 -0700,COMPLETE,9639,33817156,24608473,72.769,6,0.155673,83.399,1.9,31371034,31168612,26163088,"","",13751620,Bee,"","","","","","","","","",abdomen,RNA,03/2016,No,Mexico,PRJNA636137,Euglossa viridissima
SRR12053428,Lauren Mee,2022-10-21 00:36:46 -0700,COMPLETE,9760,28020992,20631116,73.627,4,0.169607,84.706,1.74,25887156,25680662,21927920,"","",12626718,Bee,"","","","","","","","","",abdomen,RNA,05/2016,No,Mexico,PRJNA636137,Euglossa viridissima
SRR12053429,Lauren Mee,2022-10-21 00:37:53 -0700,COMPLETE,9015,30686254,23458569,76.447,0,0.157118,86.655,1.81,28525124,28172000,24718448,"","",13639448,Bee,"","","","","","","","","",abdomen,RNA,06/2016,No,Mexico,PRJNA636137,Euglossa viridissima
SRR12053433,Lauren Mee,2022-10-21 00:39:04 -0700,COMPLETE,9518,27163650,20027182,73.728,4,0.16551,85.126,1.65,25020642,24799744,21298944,"","",12921618,Bee,"","","","","","","","","",abdomen,RNA,07/2016,No,Mexico,PRJNA636137,Euglossa viridissima
SRR12053434,Lauren Mee,2022-10-21 00:40:09 -0700,COMPLETE,7507,31373250,23569647,75.127,0,0.150151,85.778,1.75,29178540,29018978,25028800,"","",14304836,Bee,"","","","","","","","","",abdomen,RNA,08/2016,No,Mexico,PRJNA636137,Euglossa viridissima
SRR13442817,Lauren Mee,2022-10-21 00:42:22 -0700,COMPLETE,6024,3888448,2487247,63.965,0,0.932359,100.0,2.34,2799829,2799827,2799827,"","",1198778,Bee,"","","","","","","","","",whole body,RNA,04/2017,No,Australia,PRJNA687066,Exoneura
SRR13442822,Lauren Mee,2022-10-21 00:42:41 -0700,COMPLETE,4244,8676540,2077128,23.94,0,0.271501,100.0,1.87,7333813,7333813,7333813,"","",3924284,Bee,"","","","","","","","","",whole body,RNA,04/2017,No,Australia,PRJNA687066,Exoneura
SRR13442824,Lauren Mee,2022-10-21 00:43:05 -0700,COMPLETE,6050,5799433,3974385,68.531,0,0.616175,100.0,2.43,4419321,4419321,4419321,"","",1819228,Bee,"","","","","","","","","",whole body,RNA,04/2017,No,Australia,PRJNA687066,Exoneura
SRR13442825,Lauren Mee,2022-10-21 00:43:24 -0700,COMPLETE,7254,45188591,10794123,23.887,0,0.360281,100.0,4.22,12794207,12794207,12794207,"","",3034347,Bee,"","","","","","","","","",whole body,RNA,04/2017,No,Australia,PRJNA687066,Lasioglossum
SRR1943074,Lauren Mee,2022-10-21 00:45:02 -0700,COMPLETE,4219,11078948,7214221,65.116,0,0.285748,66.728,1.04,10966300,10959182,7317626,"","",7060972,Bee,"","","","","","","","","",whole body,DNA,02/2011,No,"Florida, USA",PRJNA279436,Habropoda laboriosa
SRR1943075,Lauren Mee,2022-10-21 00:45:32 -0700,COMPLETE,4121,11715718,8756505,74.742,0,0.234811,76.562,1.03,11573998,11570302,8861244,"","",8587172,Bee,"","","","","","","","","",whole body,DNA,02/2011,No,"Florida, USA",PRJNA279436,Habropoda laboriosa
SRR1943076,Lauren Mee,2022-10-21 00:46:03 -0700,COMPLETE,3931,17719980,12959032,73.132,0,0.15585,73.815,1.01,17669612,17668458,13042762,"","",12905118,Bee,"","","","","","","","","",whole body,DNA,02/2011,No,"Florida, USA",PRJNA279436,Habropoda laboriosa
SRR2001612,Lauren Mee,2022-10-21 00:46:45 -0700,COMPLETE,5452,26213034,19617735,74.84,0,0.406687,75.743,3.99,26089114,25992962,19760732,"","",4953848,Bee,"","","","","","","","","",whole body,RNA,02/2011,No,"Florida, USA",PRJNA279436,Habropoda laboriosa
SRR12053409,Lauren Mee,2022-10-21 03:27:59 -0700,COMPLETE,5917,14659132,11224119,76.567,0,0.324937,80.831,1.8,14397346,14300334,11637554,"","",6448652,Bee,"","","","","","","","","",abdomen,RNA,01/2017,No,Mexico,PRJNA636137,Euglossa viridissima
SRR12053410,Lauren Mee,2022-10-21 03:28:51 -0700,COMPLETE,6070,16413568,12254980,74.664,0,0.269563,79.036,1.64,16153202,16133324,12766840,"","",7793854,Bee,"","","","","","","","","",abdomen,RNA,01/2017,No,Mexico,PRJNA636137,Euglossa viridissima
SRR12053411,Lauren Mee,2022-10-21 03:29:35 -0700,COMPLETE,4877,9307318,8379278,90.029,0,0.418073,98.089,3.4,8794486,8632295,8626405,"","",2538812,Bee,"","","","","","","","","",abdomen,RNA,02/2017,No,Mexico,PRJNA636137,Euglossa viridissima
SRR12053412,Lauren Mee,2022-10-21 03:30:01 -0700,COMPLETE,7616,15711756,11959640,76.119,2,0.408538,81.306,2.41,15401390,15374910,12522218,"","",5191678,Bee,"","","","","","","","","",abdomen,RNA,03/2016,No,Mexico,PRJNA636137,Euglossa viridissima
SRR12053419,Lauren Mee,2022-10-21 03:30:55 -0700,COMPLETE,7626,14060742,11414055,81.177,4,0.336026,86.163,1.9,13801870,13770122,11892040,"","",6274760,Bee,"","","","","","","","","",abdomen,RNA,03/2016,No,Mexico,PRJNA636137,Euglossa viridissima
SRR12053414,Lauren Mee,2022-10-21 06:21:34 -0700,COMPLETE,7561,15768958,12102945,76.752,2,0.291886,81.271,1.76,15491256,15430244,12589818,"","",7171280,Bee,"","","","","","","","","",abdomen,RNA,02/2017,No,Mexico,PRJNA636137,Euglossa viridissima
SRR12053421,Lauren Mee,2022-10-21 06:22:15 -0700,COMPLETE,8788,15526212,12497080,80.49,4,0.304615,86.281,1.88,15168006,15116050,13087132,"","",6946390,Bee,"","","","","","","","","",abdomen,RNA,03/2016,No,Mexico,PRJNA636137,Euglossa viridissima
SRR12053422,Lauren Mee,2022-10-21 06:23:02 -0700,COMPLETE,7338,13255000,9732198,73.423,0,0.353944,78.295,1.7,12999242,12968732,10177792,"","",5977960,Bee,"","","","","","","","","",abdomen,RNA,03/2016,No,Mexico,PRJNA636137,Euglossa viridissima
SRR12053423,Lauren Mee,2022-10-21 06:23:39 -0700,COMPLETE,7848,17464362,12470534,71.406,0,0.282454,76.756,1.75,17159830,17125552,13171152,"","",7531024,Bee,"","","","","","","","","",abdomen,RNA,03/2016,No,Mexico,PRJNA636137,Euglossa viridissima
SRR12053424,Lauren Mee,2022-10-21 06:24:25 -0700,COMPLETE,8243,13908958,10170379,73.121,0,0.328655,78.026,1.66,13598220,13495538,10610148,"","",6403028,Bee,"","","","","","","","","",abdomen,RNA,04/2016,No,Mexico,PRJNA636137,Euglossa viridissima
SRR12053425,Lauren Mee,2022-10-21 06:25:08 -0700,COMPLETE,8578,17002950,11025928,64.847,0,0.308146,68.828,1.69,16677102,15978698,11478434,"","",6796820,Bee,"","","","","","","","","",abdomen,RNA,03/2017,No,Mexico,PRJNA636137,Euglossa viridissima
SRR12053426,Lauren Mee,2022-10-21 06:25:53 -0700,COMPLETE,7465,18516894,13403233,72.384,0,0.310193,77.715,2.05,18150524,17931498,14105736,"","",6879170,Bee,"","","","","","","","","",abdomen,RNA,04/2016,No,Mexico,PRJNA636137,Euglossa viridissima
SRR12053430,Lauren Mee,2022-10-21 06:26:40 -0700,COMPLETE,8224,19956940,15444348,77.388,0,0.300095,82.052,2.29,19604464,18906426,16085888,"","",7026342,Bee,"","","","","","","","","",abdomen,RNA,06/2016,No,Mexico,PRJNA636137,Euglossa viridissima
SRR12053431,Lauren Mee,2022-10-21 06:27:31 -0700,COMPLETE,8705,18374922,14594397,79.426,0,0.32966,83.801,2.38,18069158,17676896,15142154,"","",6366748,Bee,"","","","","","","","","",abdomen,RNA,06/2016,No,Mexico,PRJNA636137,Euglossa viridissima
SRR12053432,Lauren Mee,2022-10-21 06:28:20 -0700,COMPLETE,9087,16105172,11732632,72.85,2,0.325681,78.332,1.9,15744386,15721748,12332944,"","",6505190,Bee,"","","","","","","","","",abdomen,RNA,07/2016,No,Mexico,PRJNA636137,Euglossa viridissima
SRR12053435,Lauren Mee,2022-10-21 06:29:03 -0700,COMPLETE,7618,17048424,13397076,78.582,0,0.292124,82.83,1.93,16761000,16702128,13883162,"","",7200026,Bee,"","","","","","","","","",abdomen,RNA,08/2016,No,Mexico,PRJNA636137,Euglossa viridissima
SRR12053436,Lauren Mee,2022-10-21 06:29:47 -0700,COMPLETE,7373,18117816,13506185,74.546,2,0.312485,78.961,2.09,17788352,17686988,14045836,"","",6736080,Bee,"","","","","","","","","",abdomen,RNA,03/2017,No,Mexico,PRJNA636137,Euglossa viridissima
SRR5253659,Lauren Mee,2022-10-21 06:30:33 -0700,COMPLETE,4246,2639025,818165,31.003,1,1.0,46.584,1.63,1953407,1951601,909967,"","",559642,Bee,"","","","","","","","","",whole body,RNA,02/2017,No,Switzerland,PRJNA374528,Halictus sexcinctus
SRR3948521,Lauren Mee,2022-10-21 06:31:12 -0700,COMPLETE,5530,2765292,1244626,45.009,0,1.0,79.49,1.91,2312094,2294868,1837884,"","",963466,Bee,"","","","","","","","","",whole body,RNA,07/2013,No,Panama,PRJNA331103,Megalopta genalis
SRR3948528,Lauren Mee,2022-10-21 06:31:35 -0700,COMPLETE,4879,5031868,1417390,28.168,0,1.0,81.489,3.09,3594312,3591610,2928976,"","",946456,Bee,"","","","","","","","","",whole body,RNA,07/2014,No,Panama,PRJNA331103,Megalopta genalis
SRR3948531,Lauren Mee,2022-10-21 06:31:56 -0700,COMPLETE,5202,5729332,2313588,40.381,0,1.0,78.847,3.15,3965958,3964018,3127034,"","",992156,Bee,"","","","","","","","","",whole body,RNA,07/2014,No,Panama,PRJNA331103,Megalopta genalis
SRR3948533,Lauren Mee,2022-10-21 06:32:17 -0700,COMPLETE,4934,4069862,1636862,40.219,0,1.0,69.497,1.93,2892354,2890676,2010092,"","",1044164,Bee,"","","","","","","","","",whole body,RNA,07/2014,No,Panama,PRJNA331103,Megalopta genalis
SRR3948536,Lauren Mee,2022-10-21 06:32:36 -0700,COMPLETE,4139,5267630,2258686,42.879,0,1.0,85.009,3.05,4059224,4046668,3450704,"","",1131098,Bee,"","","","","","","","","",whole body,RNA,07/2013,No,Panama,PRJNA331103,Megalopta genalis
SRR3948537,Lauren Mee,2022-10-21 06:32:57 -0700,COMPLETE,7220,4492412,1431962,31.875,0,1.0,77.581,2.56,3392446,3390218,2631886,"","",1030004,Bee,"","","","","","","","","",whole body,RNA,07/2014,No,Panama,PRJNA331103,Megalopta genalis
SRR3948540,Lauren Mee,2022-10-21 06:33:16 -0700,COMPLETE,6722,3437526,922592,26.839,0,1.0,61.661,1.57,2087102,2082722,1286922,"","",820230,Bee,"","","","","","","","","",whole body,RNA,05/2014,No,Panama,PRJNA331103,Megalopta genalis
SRR3948542,Lauren Mee,2022-10-21 06:33:33 -0700,COMPLETE,3893,5082660,1085152,21.35,0,1.0,68.359,3.14,3639268,3634720,2487778,"","",791454,Bee,"","","","","","","","","",whole body,RNA,05/2014,No,Panama,PRJNA331103,Megalopta genalis
SRR3948544,Lauren Mee,2022-10-21 06:33:52 -0700,COMPLETE,6842,3792312,1152756,30.397,0,1.0,73.376,1.98,2733826,2729330,2005968,"","",1011356,Bee,"","","","","","","","","",whole body,RNA,04/2014,No,Panama,PRJNA331103,Megalopta genalis
SRR3948548,Lauren Mee,2022-10-21 06:34:10 -0700,COMPLETE,4983,4829996,1834282,37.977,0,1.0,71.089,2.99,3799414,3793362,2700978,"","",902926,Bee,"","","","","","","","","",whole body,RNA,07/2014,No,Panama,PRJNA331103,Megalopta genalis
SRR3948550,Lauren Mee,2022-10-21 06:34:29 -0700,COMPLETE,4525,6070626,2465142,40.608,0,1.0,77.296,3.87,4535542,4530898,3505802,"","",905058,Bee,"","","","","","","","","",whole body,RNA,04/2014,No,Panama,PRJNA331103,Megalopta genalis
SRR3948554,Lauren Mee,2022-10-21 06:34:51 -0700,COMPLETE,6219,3411376,1116978,32.743,0,1.0,76.607,2.1,2438528,2435922,1868094,"","",887704,Bee,"","","","","","","","","",whole body,RNA,05/2015,No,Panama,PRJNA331103,Megalopta genalis
SRR3948556,Lauren Mee,2022-10-21 06:35:08 -0700,COMPLETE,5156,4265398,1281184,30.037,0,1.0,70.06,2.29,3049162,3045626,2136242,"","",931440,Bee,"","","","","","","","","",whole body,RNA,04/2014,No,Panama,PRJNA331103,Megalopta genalis
SRR3948560,Lauren Mee,2022-10-21 06:35:28 -0700,COMPLETE,4917,5219642,2240732,42.929,0,1.0,78.972,3.44,4034936,4031878,3186472,"","",927284,Bee,"","","","","","","","","",whole body,RNA,05/2014,No,Panama,PRJNA331103,Megalopta genalis
SRR3948562,Lauren Mee,2022-10-21 06:35:49 -0700,COMPLETE,4028,2427574,876812,36.119,0,1.0,77.116,2.18,1953330,1949556,1506336,"","",689778,Bee,"","","","","","","","","",whole body,RNA,06/2013,No,Panama,PRJNA331103,Megalopta genalis
SRR1503133,Lauren Mee,2022-10-23 03:09:17 -0700,COMPLETE,9301,5171386,3751223,72.538,0,0.610762,86.173,1.14,4976326,4976322,4288264,"","",3752460,Bee,"","","","","","","","","",whole body,RNA,04/2011,No,Germany,PRJNA252330,Nomada lathburiana
SRR2895245,Lauren Mee,2022-10-23 03:09:42 -0700,COMPLETE,5661,8733038,1798654,20.596,0,0.46193,73.695,1.14,7214550,7096338,5316762,"","",4654060,Bee,"","","","","","","","","",whole body,RNA,12/2016,No,Germany,PRJNA285788,Osmia bicornis
SRR2895246,Lauren Mee,2022-10-23 03:10:11 -0700,COMPLETE,3686,1281866,287322,22.414,0,1.0,59.137,1.03,765862,750642,452906,"","",438672,Bee,"","","","","","","","","",whole body,RNA,12/2016,No,Germany,PRJNA285788,Osmia bicornis
SRR2895247,Lauren Mee,2022-10-23 03:10:24 -0700,COMPLETE,3606,1212862,337094,27.793,0,1.0,58.778,1.02,898724,863334,528256,"","",517946,Bee,"","","","","","","","","",whole body,RNA,12/2016,No,Germany,PRJNA285788,Osmia bicornis
SRR2895248,Lauren Mee,2022-10-23 03:10:36 -0700,COMPLETE,3731,1610086,347370,21.575,0,1.0,58.467,1.02,981778,956394,574014,"","",561372,Bee,"","","","","","","","","",whole body,RNA,12/2016,No,Germany,PRJNA285788,Osmia bicornis
SRR2895249,Lauren Mee,2022-10-23 03:10:49 -0700,COMPLETE,3744,1204516,358752,29.784,0,1.0,60.808,1.03,993534,975820,604146,"","",585410,Bee,"","","","","","","","","",whole body,RNA,12/2016,No,Germany,PRJNA285788,Osmia bicornis
SRR2895250,Lauren Mee,2022-10-23 03:11:01 -0700,COMPLETE,3696,1305152,450532,34.52,0,1.0,63.19,1.04,1032858,1013134,652658,"","",626266,Bee,"","","","","","","","","",whole body,RNA,12/2016,No,Germany,PRJNA285788,Osmia bicornis
SRR2895251,Lauren Mee,2022-10-23 03:11:13 -0700,COMPLETE,3603,1344978,391888,29.137,0,1.0,56.95,1.04,1108930,1068262,631538,"","",607440,Bee,"","","","","","","","","",whole body,RNA,12/2016,No,Germany,PRJNA285788,Osmia bicornis
SRR3383870,Lauren Mee,2022-10-23 03:11:26 -0700,COMPLETE,3855,540571,115448,21.357,0,1.0,95.547,1.51,230087,219841,219841,"","",145881,Bee,"","","","","","","","","",head and abdomen (pooled 5 females),RNA,04/2015,No,Belgium,PRJNA318490,Osmia cornuta
SRR3948563,Lauren Mee,2022-10-23 03:12:15 -0700,COMPLETE,4842,5105134,2091794,40.974,0,1.0,77.528,2.9,3682448,3679524,2854922,"","",985950,Bee,"","","","","","","","","",whole body,RNA,03/2014,No,Panama,PRJNA331103,Megalopta genalis
SRR3948564,Lauren Mee,2022-10-23 03:12:41 -0700,COMPLETE,4490,5283760,2067582,39.131,0,1.0,73.968,3.87,3993920,3991248,2954206,"","",763560,Bee,"","","","","","","","","",whole body,RNA,05/2014,No,Panama,PRJNA331103,Megalopta genalis
SRR3948566,Lauren Mee,2022-10-23 03:13:01 -0700,COMPLETE,4192,4029764,984532,24.432,0,1.0,68.141,2.19,2520152,2513018,1717268,"","",783196,Bee,"","","","","","","","","",whole body,RNA,07/2014,No,Panama,PRJNA331103,Megalopta genalis
SRR3948568,Lauren Mee,2022-10-23 03:13:18 -0700,COMPLETE,4297,5701528,2579408,45.241,0,1.0,77.842,3.18,4025444,4020818,3133504,"","",986426,Bee,"","","","","","","","","",whole body,RNA,05/2014,No,Panama,PRJNA331103,Megalopta genalis
SRR3948570,Lauren Mee,2022-10-23 03:13:39 -0700,COMPLETE,4147,4275254,1648034,38.548,0,1.0,75.42,2.82,2798486,2793998,2110610,"","",749048,Bee,"","","","","","","","","",whole body,RNA,05/2014,No,Panama,PRJNA331103,Megalopta genalis
SRR3948572,Lauren Mee,2022-10-23 03:13:57 -0700,COMPLETE,4627,5163908,1436780,27.824,0,1.0,78.979,2.82,3571382,3565908,2820628,"","",998782,Bee,"","","","","","","","","",whole body,RNA,05/2014,No,Panama,PRJNA331103,Megalopta genalis
SRR3948575,Lauren Mee,2022-10-23 03:14:16 -0700,COMPLETE,4451,2978640,1027222,34.486,0,1.0,76.075,1.98,2270700,2266594,1727428,"","",874296,Bee,"","","","","","","","","",whole body,RNA,06/2014,No,Panama,PRJNA331103,Megalopta genalis
SRR3948577,Lauren Mee,2022-10-23 03:14:33 -0700,COMPLETE,4748,3757758,1639086,43.619,0,1.0,74.904,2.11,2740224,2737042,2052524,"","",970802,Bee,"","","","","","","","","",whole body,RNA,07/2014,No,Panama,PRJNA331103,Megalopta genalis
SRR6148364,Lauren Mee,2022-10-23 03:14:51 -0700,COMPLETE,5652,1924698,1196690,62.175,0,1.0,83.257,1.25,1529294,1496916,1273242,"","",1021612,Bee,"","","","","","","","","",pool of heads and abdomen,RNA,04/2015,No,Belgium,PRJNA411946,Osmia cornuta
SRR6148379,Lauren Mee,2022-10-23 03:15:11 -0700,COMPLETE,5223,1865170,891978,47.823,0,1.0,69.232,1.23,1360792,1280284,942108,"","",765202,Bee,"","","","","","","","","",pool of heads and abdomen,RNA,05/2015,No,Belgium,PRJNA411946,Osmia bicornis
SRR13442813,Lauren Mee,2022-10-24 07:58:04 -0700,COMPLETE,7536,26540775,19795850,74.587,0,0.228609,100.0,5.13,25087832,25087829,25087829,"","",4886699,Bee,"","","","","","","","","",whole body,RNA,04/2017,No,Australia,PRJNA687066,Lasioglossum
SRR6148371,Lauren Mee,2022-10-24 07:59:05 -0700,COMPLETE,10506,3231734,2107056,65.199,0,1.0,81.264,1.26,2738910,2654502,2225746,"","",1767070,Bee,"","","","","","","","","",pool of heads and abdomen,RNA,04/2015,No,Belgium,PRJNA411946,Osmia cornuta
SRR6148375,Lauren Mee,2022-10-24 07:59:51 -0700,COMPLETE,5656,1940920,1132512,58.349,0,1.0,80.375,1.24,1500532,1477990,1206046,"","",973450,Bee,"","","","","","","","","",pool of heads and abdomen,RNA,04/2015,No,Belgium,PRJNA411946,Osmia cornuta
SRR9676054,Lauren Mee,2022-10-24 08:00:09 -0700,COMPLETE,4947,13952668,1542026,11.052,0,1.0,67.883,1.89,5776586,5776226,3921314,"","",2079414,Bee,"","","","","","","","","",whole body,RNA,08/2011,No,"Utah, USA",PRJNA553801,Osmia lignaria
SRR9676058,Lauren Mee,2022-10-24 08:00:57 -0700,COMPLETE,5205,18661878,878254,4.706,0,1.0,62.544,2.65,6444552,6444156,4030650,"","",1523492,Bee,"","","","","","","","","",whole body,RNA,08/2011,No,"Utah, USA",PRJNA553801,Osmia lignaria
SRR9676059,Lauren Mee,2022-10-24 08:01:57 -0700,COMPLETE,6238,19591782,1508084,7.698,0,1.0,64.278,2.12,6827388,6827104,4388490,"","",2065252,Bee,"","","","","","","","","",whole body,RNA,08/2011,No,"Utah, USA",PRJNA553801,Osmia lignaria
SRR1503122,Lauren Mee,2022-10-24 08:11:57 -0700,COMPLETE,14860,14979904,8715277,58.18,0,0.300972,78.634,1.3,13443300,13443294,10570956,"","",8118254,Bee,"","","","","","","","","",whole body,RNA,07/2011,No,Germany,PRJNA252319,Thyreus orbatus
SRR1503136,Lauren Mee,2022-10-24 08:12:52 -0700,COMPLETE,12986,11652430,6712825,57.609,0,0.364576,86.798,1.21,9392680,9392672,8152610,"","",6744686,Bee,"","","","","","","","","",whole body,RNA,04/2011,No,Germany,PRJNA252333,Xylocopa violacea
SRR11426431,Lauren Mee,2022-10-24 08:33:32 -0700,COMPLETE,9005,34286724,27421379,79.977,0,0.0881081,96.543,1.21,31097020,30997168,30021858,"","",24798612,Bee,"","","","","","","","","",whole body (pool of 6),RNA,01/2014,No,Brazil,PRJNA615177,Tetragonisca angustula
SRR11426433,Lauren Mee,2022-10-24 08:34:42 -0700,COMPLETE,9738,33537372,27097651,80.798,0,0.0895281,96.642,1.21,30522532,30444104,29497652,"","",24318196,Bee,"","","","","","","","","",whole body (pool of 6),RNA,01/2014,No,Brazil,PRJNA615177,Tetragonisca angustula
SRR11440494,Lauren Mee,2022-10-24 08:35:51 -0700,COMPLETE,7338,40678722,30870968,75.89,42,0.0810727,89.122,1.27,38028364,33891474,33891474,"","",26653698,Bee,"","","","","","","","","",whole body (pool of 6),RNA,01/2014,No,Brazil,PRJNA615177,Tetragonisca angustula
SRR13442814,Lauren Mee,2022-10-24 08:37:01 -0700,COMPLETE,7312,22330569,20477164,91.7,0,0.193205,100.0,3.78,21789442,21789442,21789442,"","",5761123,Bee,"","","","","","","","","",whole body,RNA,04/2017,No,Australia,PRJNA687066,Tetragonula carbonaria
SRR13442818,Lauren Mee,2022-10-24 08:37:53 -0700,COMPLETE,7169,9922033,8226397,82.91,0,0.41587,100.0,3.48,9349397,9349396,9349396,"","",2683017,Bee,"","","","","","","","","",whole body,RNA,04/2017,No,Australia,PRJNA687066,Tetragonula carbonaria
SRR13442830,Lauren Mee,2022-10-24 08:38:20 -0700,COMPLETE,9243,21269906,19652432,92.395,0,0.195995,100.0,3.92,20754353,20754353,20754353,"","",5291396,Bee,"","","","","","","","","",whole body,RNA,04/2017,No,Australia,PRJNA687066,Tetragonula carbonaria
SRR11426432,Lauren Mee,2022-10-24 09:05:38 -0700,COMPLETE,9748,18102076,15735713,86.928,0,0.151577,95.043,1.2,17453944,17295366,16588812,"","",13825262,Bee,"","","","","","","","","",whole body (pool of 6),RNA,01/2014,No,Brazil,PRJNA615177,Tetragonisca angustula
SRR11440495,Lauren Mee,2022-10-24 09:06:20 -0700,COMPLETE,8014,17180924,14952487,87.03,0,0.194755,96.358,1.45,16362822,16298158,15766932,"","",10854018,Bee,"","","","","","","","","",whole body (pool of 6),RNA,01/2014,No,Brazil,PRJNA615177,Tetragonisca angustula
SRR11440496,Lauren Mee,2022-10-24 09:06:59 -0700,COMPLETE,7269,22797366,19965179,87.577,0,0.166073,96.583,1.64,21704688,21643838,20963008,"","",12765164,Bee,"","","","","","","","","",whole body (pool of 6),RNA,01/2014,No,Brazil,PRJNA615177,Tetragonisca angustula
SRR12097444,Lauren Mee,2022-09-13 08:12:45 -0700,COMPLETE,2313,87308440,241394,0.276,0,1.0,72.476,1.57,1770772,1764834,1283392,"","",815384,Bee,"","","","","","","","","",pooled gut,RNA,Germany
SRR12097445,Lauren Mee,2022-09-13 08:27:52 -0700,COMPLETE,2077,80316132,224374,0.279,0,1.0,74.421,1.64,1706468,1700626,1269968,"","",772140,Bee,"","","","","","","","","",pooled gut,RNA,Germany
SRR12097446,Lauren Mee,2022-09-13 08:43:17 -0700,COMPLETE,2538,84443108,228280,0.27,2,1.0,73.485,1.59,1752584,1747028,1287878,"","",810934,Bee,"","","","","","","","","",pooled gut,RNA,Germany
SRR12097447,Lauren Mee,2022-09-13 09:01:54 -0700,COMPLETE,3399,92591964,253872,0.274,0,1.0,73.844,1.62,1945412,1939628,1436578,"","",886800,Bee,"","","","","","","","","",pooled gut,RNA,Germany
SRR13189057,Lauren Mee,2022-09-13 07:25:42 -0700,COMPLETE,3441,32850332,541830,1.649,0,1.0,88.313,1.34,1120082,1118552,989180,"","",735786,Bee,"","","","","","","","","",gut,RNA,China
SRR13189058,Lauren Mee,2022-09-13 07:32:06 -0700,COMPLETE,5758,37358100,1746758,4.676,0,1.0,92.744,1.47,2395380,2391882,2221560,"","",1511204,Bee,"","","","","","","","","",gut,RNA,China
SRR13189059,Lauren Mee,2022-09-13 07:38:50 -0700,COMPLETE,3282,35753438,793256,2.219,0,1.0,88.561,1.34,1332284,1329394,1179886,"","",877364,Bee,"","","","","","","","","",gut,RNA,China
SRR13189063,Lauren Mee,2022-09-13 07:45:49 -0700,COMPLETE,2247,36666998,65498,0.179,0,1.0,80.568,1.25,538084,537050,433524,"","",345492,Bee,"","","","","","","","","",gut,RNA,China
SRR13189066,Lauren Mee,2022-09-13 07:53:05 -0700,COMPLETE,8078,37086520,8402379,22.656,0,0.753076,96.248,2.96,9306788,9304196,8957590,"","",3022168,Bee,"","","","","","","","","",gut,RNA,China
SRR13189067,Lauren Mee,2022-09-13 08:00:31 -0700,COMPLETE,1730,37577972,29510,0.079,0,1.0,73.011,1.28,537530,535864,392456,"","",305604,Bee,"","","","","","","","","",gut,RNA,China
SRR13404632,Lauren Mee,2022-09-13 06:36:33 -0700,COMPLETE,15137,111277030,14105556,12.676,0,0.159764,92.973,3.1,55131740,55130722,51257602,"","",16509876,Bee,"","","","","","","","","",pooled whole bodies ,RNA,Israel
SRR13404634,Lauren Mee,2022-09-13 06:52:20 -0700,COMPLETE,10389,91329024,24547584,26.878,0,0.15173,91.461,1.88,31971340,31970836,29241156,"","",15525502,Bee,"","","","","","","","","",pooled whole bodies ,RNA,Israel
SRR13404636,Lauren Mee,2022-09-13 07:05:46 -0700,COMPLETE,14492,83834060,14876594,17.745,0,0.157268,91.88,2.03,33832526,33831842,31085312,"","",15346692,Bee,"","","","","","","","","",pooled whole bodies ,RNA,Israel
SRR13404641,Lauren Mee,2022-09-13 07:18:49 -0700,COMPLETE,11420,81608252,21329931,26.137,0,0.17901,92.202,1.98,25447874,25447754,23463416,"","",11838122,Bee,"","","","","","","","","",pooled whole bodies ,RNA,Israel
SRR13442815,Lauren Mee,2022-09-16 05:52:43 -0700,COMPLETE,5361,60540408,4991394,8.245,1,0.458075,100.0,2.81,6772000,6772000,6772000,"","",2407205,Bee,"","","","","","","","","",whole body,RNA,Australia
SRR13442819,Lauren Mee,2022-09-16 06:28:25 -0700,COMPLETE,5414,73308784,1117304,1.524,0,1.0,100.0,1.67,1349092,1349091,1349091,"","",807001,Bee,"","","","","","","","","",whole body,RNA,Australia
SRR13442827,Lauren Mee,2022-09-16 06:56:54 -0700,COMPLETE,5160,60961386,3634277,5.962,0,0.62445,100.0,2.31,4019552,4019552,4019552,"","",1739541,Bee,"","","","","","","","","",whole body,RNA,Australia
SRR13442828,Lauren Mee,2022-09-16 07:06:56 -0700,COMPLETE,5408,60007442,6606635,11.01,0,0.556922,100.0,3.62,7007704,7007704,7007704,"","",1935338,Bee,"","","","","","","","","",whole body,RNA,Australia
SRR13442829,Lauren Mee,2022-09-16 07:16:50 -0700,COMPLETE,5626,60935568,6715364,11.02,2,0.475294,100.0,3.13,7075085,7075085,7075085,"","",2257222,Bee,"","","","","","","","","",whole body,RNA,Australia
SRR13442831,Lauren Mee,2022-09-16 07:38:19 -0700,COMPLETE,7879,60676216,5174282,8.528,1,0.428398,100.0,2.29,5793546,5793546,5793546,"","",2524850,Bee,"","","","","","","","","",whole body,RNA,Australia
SRR15496106,Lauren Mee,2022-09-14 01:39:52 -0700,COMPLETE,3324,20477101,193945,0.947,0,1.0,99.999,1.78,291142,291142,291138,"","",163463,Bee,"","","","","","","","","",abdomen,RNA,China
SRR15496107,Lauren Mee,2022-09-14 01:41:04 -0700,COMPLETE,3036,20477101,186061,0.909,0,1.0,100.0,1.87,290850,290849,290849,"","",155200,Bee,"","","","","","","","","",abdomen,RNA,China
SRR15496108,Lauren Mee,2022-09-14 01:42:15 -0700,COMPLETE,2609,23558338,124631,0.529,0,1.0,99.999,1.34,232542,232540,232539,"","",173506,Bee,"","","","","","","","","",abdomen,RNA,China
SRR15496109,Lauren Mee,2022-09-14 01:43:35 -0700,COMPLETE,2667,23558338,114452,0.486,0,1.0,100.0,1.44,211213,211213,211213,"","",147019,Bee,"","","","","","","","","",abdomen,RNA,China
SRR15496114,Lauren Mee,2022-09-14 01:44:56 -0700,COMPLETE,2602,22211064,962325,4.333,0,1.0,99.999,5.66,1052279,1052279,1052269,"","",186039,Bee,"","","","","","","","","",abdomen,RNA,China
SRR15496115,Lauren Mee,2022-09-14 01:46:12 -0700,COMPLETE,2948,22211064,954878,4.299,0,1.0,100.0,6.73,1040975,1040975,1040975,"","",154577,Bee,"","","","","","","","","",abdomen,RNA,China
SRR17475010,Lauren Mee,2022-09-13 05:09:51 -0700,COMPLETE,2946,42186296,33982,0.081,0,1.0,74.125,1.28,2619468,2384232,1941692,"","",1517340,Bee,"","","","","","","","","",abdomen,RNA,China
SRR17475011,Lauren Mee,2022-09-13 05:20:22 -0700,COMPLETE,2809,50096928,34214,0.068,0,1.0,78.759,1.29,2680432,2628514,2111092,"","",1642686,Bee,"","","","","","","","","",abdomen,RNA,China
SRR17475012,Lauren Mee,2022-09-13 05:31:28 -0700,COMPLETE,2347,44898062,45340,0.101,0,1.0,77.954,1.28,2146872,2117760,1673574,"","",1311032,Bee,"","","","","","","","","",abdomen,RNA,China
SRR17475013,Lauren Mee,2022-09-13 05:43:10 -0700,COMPLETE,2953,46938186,60814,0.13,0,1.0,77.611,1.29,2627410,2565436,2039154,"","",1580624,Bee,"","","","","","","","","",abdomen,RNA,China
SRR17475014,Lauren Mee,2022-09-13 05:55:58 -0700,COMPLETE,7710,53344318,102200,0.192,0,1.0,72.696,1.29,2924628,2886288,2126076,"","",1654454,Bee,"","","","","","","","","",abdomen,RNA,China
SRR1790685,Lauren Mee,2022-09-14 07:52:33 -0700,COMPLETE,2424,53051222,196090,0.37,0,1.0,80.476,1.58,481738,481738,387682,"","",244880,Bee,"","","","","","","","","",pool of abdomens and fat bodies,RNA,"California, USA"
SRR1790686,Lauren Mee,2022-09-14 08:02:45 -0700,COMPLETE,4515,51231170,251690,0.491,0,1.0,76.182,1.36,591040,591040,450266,"","",331200,Bee,"","","","","","","","","",pool of abdomens and fat bodies,RNA,"California, USA"
SRR1790687,Lauren Mee,2022-09-14 08:13:03 -0700,COMPLETE,5677,53823222,355314,0.66,0,1.0,77.25,1.49,944750,944750,729816,"","",489032,Bee,"","","","","","","","","",pool of abdomens and fat bodies,RNA,"California, USA"
SRR1790690,Lauren Mee,2022-09-14 08:29:07 -0700,COMPLETE,21103,96249814,6170888,6.411,0,0.334539,100.0,1.04,63135134,63135078,63135078,"","",60951408,Bee,"","","","","","","","","",pool of abdomens and fat bodies,DNA,"California, USA"
SRR1790691,Lauren Mee,2022-09-14 08:34:08 -0700,COMPLETE,3974,5963794,382426,6.412,0,1.0,100.0,1.01,3991268,3991260,3991260,"","",3936910,Bee,"","","","","","","","","",pool of abdomens and fat bodies,DNA,"California, USA"
SRR18500042,Lauren Mee,2022-09-12 14:42:28 -0700,COMPLETE,13055,55614222,19425307,34.929,0,0.49936,98.624,4.62,20515016,20375028,20232712,"","",4379372,Bee,"","","","","","","","","",10 Pooled Whole Bodies,RNA,New Zealand
SRR18500043,Lauren Mee,2022-09-12 14:31:28 -0700,COMPLETE,7127,49980378,1084470,2.17,0,1.0,92.894,1.91,1718296,1624946,1596196,"","",836070,Bee,"","","","","","","","","",10 Pooled Whole Bodies,RNA,New Zealand
SRR18500044,Lauren Mee,2022-09-12 14:20:26 -0700,COMPLETE,6006,61748118,249190,0.404,0,1.0,89.672,1.66,629220,578646,564234,"","",339794,Bee,"","","","","","","","","",10 Pooled Whole Bodies,RNA,New Zealand
SRR18500045,Lauren Mee,2022-09-12 09:48:45 -0700,COMPLETE,7730,55804110,3663068,6.564,0,1.0,97.49,4.35,4133362,4065070,4029592,"","",927180,Bee,"","","","","","","","","",10 Pooled Whole Bodies,RNA,New Zealand
SRR18500050,Lauren Mee,2022-09-12 14:52:34 -0700,COMPLETE,7705,46685198,5654588,12.112,2,1.0,94.796,4.13,6925048,6655100,6564644,"","",1589874,Bee,"","","","","","","","","",10 Pooled Whole Bodies,RNA,New Zealand
SRR18500061,Lauren Mee,2022-09-12 15:03:20 -0700,COMPLETE,3931,52798936,311124,0.589,0,1.0,87.293,1.73,723374,649622,631456,"","",365484,Bee,"","","","","","","","","",10 Pooled Whole Bodies,RNA,New Zealand
SRR18500072,Lauren Mee,2022-09-12 15:15:15 -0700,COMPLETE,7954,44812704,1883780,4.204,0,1.0,95.122,2.35,2509354,2418184,2386952,"","",1016076,Bee,"","","","","","","","","",10 Pooled Whole Bodies,RNA,New Zealand
SRR18500076,Lauren Mee,2022-09-12 15:27:06 -0700,COMPLETE,6138,49473290,782276,1.581,0,1.0,89.42,2.03,1558938,1428354,1394002,"","",687886,Bee,"","","","","","","","","",10 Pooled Whole Bodies,RNA,New Zealand
SRR18500077,Lauren Mee,2022-09-12 15:37:55 -0700,COMPLETE,11288,53602794,5809238,10.838,4,1.0,97.666,3.99,6393878,6294972,6244642,"","",1563566,Bee,"","","","","","","","","",10 Pooled Whole Bodies,RNA,New Zealand
SRR18500078,Lauren Mee,2022-09-12 15:52:53 -0700,COMPLETE,7642,60261536,5518262,9.157,0,1.0,97.541,4.57,6131396,6029510,5980602,"","",1309754,Bee,"","","","","","","","","",10 Pooled Whole Bodies,RNA,New Zealand
SRR18500079,Lauren Mee,2022-09-12 16:07:44 -0700,COMPLETE,10988,57307776,14422640,25.167,4,0.793527,98.808,5.45,14979362,14891142,14800848,"","",2715954,Bee,"","","","","","","","","",10 Pooled Whole Bodies,RNA,New Zealand
SRR18500080,Lauren Mee,2022-09-12 16:22:09 -0700,COMPLETE,8720,59327672,2821636,4.756,6,1.0,94.86,2.26,3714062,3571848,3523162,"","",1558994,Bee,"","","","","","","","","",10 Pooled Whole Bodies,RNA,New Zealand
SRR18500081,Lauren Mee,2022-09-13 02:28:33 -0700,COMPLETE,6271,70006470,430086,0.614,0,1.0,91.578,1.82,911994,852932,835184,"","",460098,Bee,"","","","","","","","","",10 Pooled Whole Bodies,RNA,New Zealand
SRR18500082,Lauren Mee,2022-09-13 02:42:22 -0700,COMPLETE,5353,56283654,368188,0.654,0,1.0,88.878,1.77,832480,758064,739892,"","",417914,Bee,"","","","","","","","","",10 Pooled Whole Bodies,RNA,New Zealand
SRR18500083,Lauren Mee,2022-09-13 02:53:28 -0700,COMPLETE,6091,61193534,1663444,2.718,0,1.0,93.377,2.94,2465000,2341814,2301744,"","",783868,Bee,"","","","","","","","","",10 Pooled Whole Bodies,RNA,New Zealand
SRR18500084,Lauren Mee,2022-09-13 03:02:48 -0700,COMPLETE,7056,58357552,3278296,5.618,0,1.0,96.161,3.61,4084092,3970934,3927310,"","",1088748,Bee,"","","","","","","","","",10 Pooled Whole Bodies,RNA,New Zealand
SRR18500085,Lauren Mee,2022-09-13 03:09:13 -0700,COMPLETE,10927,42643264,2819918,6.613,0,1.0,97.421,1.89,4649048,4571794,4529124,"","",2396176,Bee,"","","","","","","","","",10 Pooled Whole Bodies,RNA,New Zealand
SRR18500086,Lauren Mee,2022-09-13 03:15:56 -0700,COMPLETE,6758,47757222,887274,1.858,0,1.0,92.308,2.03,1647936,1550572,1521176,"","",750036,Bee,"","","","","","","","","",10 Pooled Whole Bodies,RNA,New Zealand
SRR18500087,Lauren Mee,2022-09-13 03:23:42 -0700,COMPLETE,5518,52955132,795010,1.501,0,1.0,95.045,1.69,1313532,1267382,1248448,"","",738936,Bee,"","","","","","","","","",10 Pooled Whole Bodies,RNA,New Zealand
SRR18500088,Lauren Mee,2022-09-13 03:31:48 -0700,COMPLETE,8148,43416592,1488066,3.427,0,1.0,98.606,2.46,3430908,3405128,3383096,"","",1377060,Bee,"","","","","","","","","",10 Pooled Whole Bodies,RNA,New Zealand
SRR18500089,Lauren Mee,2022-09-13 03:40:00 -0700,COMPLETE,7105,45018452,3889498,8.64,0,1.0,97.896,4.14,4250164,4195534,4160734,"","",1004604,Bee,"","","","","","","","","",10 Pooled Whole Bodies,RNA,New Zealand
SRR18500090,Lauren Mee,2022-09-13 03:50:18 -0700,COMPLETE,10978,53962136,14197653,26.31,0,0.685702,98.834,4.6,15195172,15107368,15017922,"","",3261348,Bee,"","","","","","","","","",10 Pooled Whole Bodies,RNA,New Zealand
SRR18500091,Lauren Mee,2022-09-13 04:03:36 -0700,COMPLETE,7468,69089802,4608902,6.671,0,1.0,97.521,3.23,5296682,5210892,5165356,"","",1599820,Bee,"","","","","","","","","",10 Pooled Whole Bodies,RNA,New Zealand
SRR5109820,Lauren Mee,2022-09-12 12:49:38 -0700,COMPLETE,15453,40214438,10788810,26.828,0,0.268833,91.095,1.44,13838024,13834600,12605756,"","",8755456,Bee,"","","","","","","","","",Thorax and Abdomen,RNA,South Africa
SRR5109826,Lauren Mee,2022-09-12 13:01:54 -0700,COMPLETE,13319,84044582,32107222,38.203,0,0.301947,93.657,4.28,36877094,36870848,34537920,"","",8071804,Bee,"","","","","","","","","",Thorax and Abdomen,RNA,South Africa
SRR5109829,Lauren Mee,2022-09-12 13:15:32 -0700,COMPLETE,14641,90787598,49229325,54.225,12,0.195034,93.893,4.58,53927362,53920198,50633836,"","",11047372,Bee,"","","","","","","","","",Thorax and Abdomen,RNA,Netherlands
SRR5109831,Lauren Mee,2022-09-12 13:24:36 -0700,COMPLETE,12593,37640156,3503022,9.307,0,0.94364,84.854,1.65,5449796,5336026,4624368,"","",2805780,Bee,"","","","","","","","","",Thorax and Abdomen,RNA,South Africa
SRR5109832,Lauren Mee,2022-09-12 13:37:38 -0700,COMPLETE,14085,89462246,10964692,12.256,4,0.344475,91.627,1.91,15091468,15076242,13827898,"","",7255220,Bee,"","","","","","","","","",Thorax and Abdomen,RNA,South Africa
SRR5109833,Lauren Mee,2022-09-12 13:48:43 -0700,COMPLETE,12670,41030460,7322876,17.847,2,0.484788,91.034,1.74,9310580,9307700,8475822,"","",4884552,Bee,"","","","","","","","","",Thorax and Abdomen,RNA,South Africa
SRR5117442,Lauren Mee,2022-09-14 04:30:39 -0700,COMPLETE,16096,61193250,51063404,83.446,0,0.100436,91.658,2.59,56403774,56400314,51698510,"","",19961778,Bee,"","","","","","","","","",whole body,RNA,Australia
SRR5117443,Lauren Mee,2022-09-14 04:55:10 -0700,COMPLETE,30545,94212890,73858280,78.395,0,0.0871891,84.379,3.27,88915996,88913742,75026388,"","",22928402,Bee,"","","","","","","","","",whole body,RNA,Australia
SRR5117444,Lauren Mee,2022-09-14 05:30:56 -0700,COMPLETE,27549,118366806,94437795,79.784,0,0.0705919,84.138,3.37,113824630,113818236,95769528,"","",28443540,Bee,"","","","","","","","","",whole body,RNA,Australia
SRR5117445,Lauren Mee,2022-09-14 05:55:07 -0700,COMPLETE,25732,114948672,78536022,68.323,0,0.0828687,85.563,3.29,93387784,93381554,79905582,"","",24274692,Bee,"","","","","","","","","",whole body,RNA,Australia
SRR5117446,Lauren Mee,2022-09-14 06:09:32 -0700,COMPLETE,12481,60012246,31896239,53.15,0,0.339688,88.244,5.58,37767314,36462930,33327492,"","",5973620,Bee,"","","","","","","","","",whole body,RNA,Australia
SRR5117447,Lauren Mee,2022-09-14 06:32:07 -0700,COMPLETE,28594,105713768,71773861,67.895,0,0.0931836,85.932,3.36,85126400,85112134,73151114,"","",21773874,Bee,"","","","","","","","","",whole body,RNA,Australia
SRR5117448,Lauren Mee,2022-09-14 06:51:40 -0700,COMPLETE,15703,78728734,68932708,87.557,0,0.0947479,90.723,3.33,77103392,77100754,69950370,"","",20988820,Bee,"","","","","","","","","",whole body,RNA,Australia
SRR5117449,Lauren Mee,2022-09-14 07:16:07 -0700,COMPLETE,16740,96652584,60586062,62.684,0,0.124372,86.033,3.85,72143522,72138234,62067206,"","",16137048,Bee,"","","","","","","","","",whole body,RNA,Australia
SRR5117450,Lauren Mee,2022-09-14 07:38:57 -0700,COMPLETE,14975,74494242,46753282,62.761,0,0.120136,84.09,2.84,57050864,56893602,47974044,"","",16880852,Bee,"","","","","","","","","",whole body,RNA,Australia
SRR5387735,Lauren Mee,2022-09-14 04:02:21 -0700,COMPLETE,6354,31507082,3872134,12.29,0,1.0,64.962,2.73,6399648,6398256,4157358,"","",1524248,Bee,"","","","","","","","","",whole body,RNA,China
SRR5387737,Lauren Mee,2022-09-14 04:07:43 -0700,COMPLETE,10496,24077114,4229026,17.565,0,1.0,67.32,3.01,6645236,6644320,4473564,"","",1487992,Bee,"","","","","","","","","",whole body,RNA,China
SRR5387738,Lauren Mee,2022-09-14 04:13:20 -0700,COMPLETE,17648,26538502,7763959,29.255,0,0.859434,68.49,3.29,11868604,11867386,8128748,"","",2469764,Bee,"","","","","","","","","",whole body,RNA,China
SRR8335255,Lauren Mee,2022-09-14 03:13:45 -0700,COMPLETE,5800,57832244,1026532,1.775,0,1.0,79.973,1.2,2102230,2095590,1681208,"","",1396080,Bee,"","","","","","","","","",whole body,RNA,China
SRR8335256,Lauren Mee,2022-09-14 03:25:36 -0700,COMPLETE,9514,55803140,6037420,10.819,0,0.487122,90.009,1.44,7861498,7851002,7076068,"","",4897378,Bee,"","","","","","","","","",whole body,RNA,China
SRR8335257,Lauren Mee,2022-09-14 03:37:40 -0700,COMPLETE,5522,54772400,1054846,1.926,0,1.0,77.055,1.2,2128972,2117540,1640478,"","",1371982,Bee,"","","","","","","","","",whole body,RNA,China
SRR8335258,Lauren Mee,2022-09-14 03:53:44 -0700,COMPLETE,11566,61526972,4894912,7.956,0,0.506558,92.517,1.32,6933504,6931048,6414654,"","",4865264,Bee,"","","","","","","","","",whole body,RNA,China
SRR8754036,Lauren Mee,2022-09-13 09:39:45 -0700,COMPLETE,1542,33156916,105284,0.318,0,1.0,83.457,1.26,548342,548148,457632,"","",362802,Bee,"","","","","","","","","",whole body,RNA,"North Dakota, USA"
SRR8754037,Lauren Mee,2022-09-13 09:45:40 -0700,COMPLETE,1582,30570846,25584,0.084,0,1.0,80.733,1.28,665710,665258,537444,"","",420328,Bee,"","","","","","","","","",whole body,RNA,"North Dakota, USA"
SRR8754038,Lauren Mee,2022-09-13 09:52:43 -0700,COMPLETE,2069,34058376,117912,0.346,0,1.0,84.974,1.3,873046,872454,741866,"","",572666,Bee,"","","","","","","","","",whole body,RNA,"North Dakota, USA"
SRR8754039,Lauren Mee,2022-09-13 09:58:00 -0700,COMPLETE,10454,29089854,11645862,40.034,0,1.0,92.019,5.57,12850798,12850624,11825204,"","",2123418,Bee,"","","","","","","","","",whole body,RNA,"North Dakota, USA"
SRR8754040,Lauren Mee,2022-09-13 10:02:43 -0700,COMPLETE,1203,24981824,107348,0.43,0,1.0,81.214,1.27,773232,773032,627976,"","",496076,Bee,"","","","","","","","","",whole body,RNA,"North Dakota, USA"
SRR8754041,Lauren Mee,2022-09-13 10:06:33 -0700,COMPLETE,1235,21312870,18132,0.085,0,1.0,82.545,1.22,511288,511192,422044,"","",346500,Bee,"","","","","","","","","",whole body,RNA,"North Dakota, USA"
SRR8754042,Lauren Mee,2022-09-13 10:15:45 -0700,COMPLETE,3141,42523320,53758,0.126,0,1.0,85.344,1.3,1033930,1033526,882392,"","",678440,Bee,"","","","","","","","","",whole body,RNA,"North Dakota, USA"
SRR8754043,Lauren Mee,2022-09-13 10:21:33 -0700,COMPLETE,3817,26427434,44744,0.169,0,1.0,79.568,1.33,606098,605892,482260,"","",363256,Bee,"","","","","","","","","",whole body,RNA,"North Dakota, USA"
SRR8754044,Lauren Mee,2022-09-13 10:25:35 -0700,COMPLETE,2957,20601326,26620,0.129,0,1.0,75.055,1.1,533456,533272,400386,"","",363696,Bee,"","","","","","","","","",whole body,RNA,"North Dakota, USA"
SRR8867392,Lauren Mee,2022-09-13 09:10:45 -0700,COMPLETE,8740,27672054,10476763,37.86,0,0.497905,88.601,2.6,11964896,11920944,10601054,"","",4077740,Bee,"","","","","","","","","",pooled whole bodies,RNA,"Hawaii, USA"
SRR8867393,Lauren Mee,2022-09-13 09:18:06 -0700,COMPLETE,9044,35562276,7260412,20.416,0,0.978504,85.876,3.49,8675934,8570490,7450534,"","",2137104,Bee,"","","","","","","","","",pooled whole bodies,RNA,"Hawaii, USA"
SRR8867394,Lauren Mee,2022-09-13 09:28:00 -0700,COMPLETE,17199,47278224,30598702,64.72,0,0.268696,88.164,4.1,34834528,34571388,30711396,"","",7495888,Bee,"","","","","","","","","",pooled whole bodies,RNA,"Hawaii, USA"
SRR8867395,Lauren Mee,2022-09-13 09:33:42 -0700,COMPLETE,7188,24509166,1374120,5.607,0,1.0,74.257,1.57,2109754,2053586,1566646,"","",995058,Bee,"","","","","","","","","",pooled whole bodies,RNA,"Hawaii, USA"
