Genus,Species,Classification
Acromyrmex,Ant,Insect
Acyrthosiphon,Aphid,Insect
Aedes,Mosquito,Insect
Amegilla,Bee,Insect
Agrilus,Beetle,Insect
Agrotis,Moth,Insect
Altica,Beetle,Insect
Amiota,Fly,Insect
Ampulex,Wasp,Insect
Amyelois,Moth,Insect
Anastrepha,Fly,Insect
Andrena,Bee,Insect
Anopheles,Mosquito,Insect
Anoplophora,Beetle,Insect
Anthophora,Bee,Insect
Aphis,Aphid,Insect
Apis,Bee,Insect
Apoidea,Bee,Insect
Argiope,Spider,Arachnid
Armadillidium,WoodLouse,Insect
Ascoidea,Mite,Arachnid
Athalia,Sawfly,Insect
Atta,Ant,Insect
Bactrocera,Fly,Insect
Belonocnema,Wasp,Insect
Bemisia,Fly,Insect
Bibio,Fly,Insect
Bicyclus,Butterfly,Insect
Biphyllus,Beetle,Insect
Blattella,Cockroach,Insect
Bombus,Bee,Insect
Bombyx,Moth,Insect
Bradysia,Gnat,Insect
Brevineura,Bee,Insect
Caenohalictus,Bee,Insect
Calliphora,Fly,Insect
Camponotus,Ant,Insect
Campsomeris,Wasp,Insect
Centruroides,Scorpion,Arachnid
Cephus,Sawfly,Insect
Centris,Bee,Insect
Ceratina,Bee,Insect
Ceratitis,Fruitfly,Insect
Ceratosolen,Wasp,Insect
Chalybion,Wasp,Insect
Chelonus,Wasp,Insect
Chironomus,Midge,Insect
Chrysis,Wasp,Insect
Chrysomela,Beetle,Insect
Chrysomya,Fly,Insect
Chrysoperla,Lacewing,Insect
Chyphotes,Wasp,Insect
Cimex,Bedbug,Insect
Cinara,Aphid,Insect
Cochliomyia,Fly,Insect
Colletes,Bee,Insect
Contarinia,Fly,Insect
Copidosoma,Wasp,Insect
Coptotermes,Termite,Insect
Cordulia,Dragonfly,Insect
Corynura,Bee,Insect
Cotesia,Wasp,Insect
Clunio,Midge,Insect
Cryptopone,Ant,Insect
Cryptotermes,Termite,Insect
Ctenocephalides,Flea,Insect
Culex,Mosquito,Insect
Culicoides,Midge,Insect
Curelius,Beetle,Insect
Cyphomyrmex,Ant,Insect
Dacus,Fly,Insect
Danaus,Butterfly,Insect
Dasymutilla,Wasp,Insect
Delia,Fly,Insect
Dendroctonus,Beetle,Insect
Dermatophagoides,Dustmite,Arachnid
Diabrotica,Beetle,Insect
Diachasma,Wasp,Insect
Diadasia,Bee,Insect
Diaphorina,Hemipteran,Insect
Dichotomius,Beetle,Insect
Dinoponera,Ant,Insect
Diuraphis,TreeBug,Insect
Drosophila,Fly,Insect
Dufourea,Bee,Insect
Epalpus,Fly,Insect
Epeolus,Bee,Insect
Epicauta,Beetle,Insect
Episyrphus,Hoverfly,Insect
Eriocheir,Crab,Crustacean
Eristalis,Hoverfly,Insect
Eucera,Bee,Insect
Eufriesea,Bee,Insect
Euglossa,Bee,Insect
Eulaema,Bee,Insect
Exaerete,Bee,Insect
Exoneura,Bee,Insect
Exoneurella,Bee,Insect
Exorista,Fly,Insect
Eyprepocnemis,Grasshopper,Insect
Folsomia,Springtail,Insect
Fopius,Wasp,Insect
Forficula,Earwig,Insect
Formica,Ant,Insect
Frankliniella,Thrip,Insect
Frieseomelitta,Bee,Insect
Galleria,Moth,Insect
Glossina,Fly,Insect
Glyptapanteles,Wasp,Insect
Habropoda,Bee,Insect
Halictus,Bee,Insect
Halyomorpha,ShieldBug,Insect
Harmonia,Ladybug,Insect
Harpegnathos,Ant,Insect
Hedychridium,Wasp,Insect
Heliconius,Butterfly,Insect
Helicoverpa,Moth,Insect
Heliothis,Moth,Insect
Helobdella,Leech,Annelid
Hermetia,Fly,Insect
Heterospilus,Wasp,Insect
Hirtodrosophila,Fly,Insect
Holotrichia,Beetle,Insect
Homalictus,Bee,Insect
Hoplitis,Bee,Insect
Hycleus,Beetle,Insect
Hylaeus,Bee,Insect
Hyposmocoma,Moth,Insect
Ladona,Dragonfly,Insect
Linepithema,Ant,Insect
Laodelphax,TrueBug,Insect
Lasioglossum,Bee,Insect
Lasius,Ant,Insect
Leopoldius,Fly,Insect
Lepidotrigona,Bee,Insect
Leptidea,Butterfly,Insect
Leptinotarsa,Beetle,Insect
Libellula,Dragonfly,Insect
Liriomyza,Fly,Insect
Lissorhoptrus,Weevil,Insect
Locusta,Locust,Insect
Lucilia,Fly,Insect
Lutzomyia,Sandfly,Insect
Lymantria,Moth,Insect
Lysiphlebus,Wasp,Insect
Lytta,Beetle,Insect
Maconellicoccus,TrueBug,Insect
Mamestra,Moth,Insect
Manduca,Moth,Insect
Maniola,Butterfly,Insect
Mayetiola,Fly,Insect
Megachile,Bee,Insect
Megalopta,Bee,Insect
Megaselia,Fly,Insect
Melaloncha,Fly,Insect
Melanagromyza,Fly,Insect
Melanaphis,TrueBug,Insect
Melangyna,Hoverfly,Insect
Melipona,Bee,Insect
Melissodes,Bee,Insect
Melitta,Bee,Insect
Meloe,Beetle,Insect
Messor,Bee,Insect
Microplitis,Wasp,Insect
Monomorium,Ant,Insect
Musca,Fly,Insect
Myopa,Fly,Insect
Mythimna,Moth,Insect
Myzus,TrueBug,Insect
Nasonia,Wasp,Insect
Neodiprion,Sawfly,Insect
Neotermes,Termite,Insect
Nephila,Spider,Arachnid
Nomada,Bee,Insect
Nomia,Bee,Insect
Nylanderia,Ant,Insect
Odontomachus,Ant,Insect
Onthophagus,Beetle,Insect
Ooceraea,Ant,Insect
Operophtera,Moth,Insect
Orthetrum,Dragonfly,Insect
Orthoperus,Beetle,Insect
Orussus,Wasp,Insect
Osmia,Bee,Insect
Ostrinia,Moth,Insect
Oxydesmus,Millipede,Myriapod
Pantala,Dragonfly,Insect
Papilio,Butterfly,Insect
Parasteatoda,Spider,Arachnid
Partamona,Bee,Insect
Patellapis,Bee,Insect
Periplaneta,Cockroach,Insect
Philanthus,Wasp,Insect
Philotrypesis,Wasp,Insect
Phoridae,Fly,Insect
Photinus,Firefly,Insect
Physocephala,Fly,Insect
Pieris,Butterfly,Insect
Piophila,Fly,Insect
Plebeia,Bee,Insect
Plutella,Moth,Insect
Pogonomyrmex,Ant,Insect
Pogonus,Beetle,Insect
Polistes,Wasp,Insect
Polypedilum,Midge,Insect
Polyrhachis,Ant,Insect
Prorhinotermes,Termite,Insect
Prosarthria,StickInsect,Insect
Pseudomyrmex,Ant,Insect
Rhagoletis,Fly,Insect
Rhopalosiphum,Aphid,Insect
Rhynchophorus,Weevil,Insect
Riptortus,Bug,Insect
Rondaniooestrus,Fly,Insect
Sarcophaga,Fly,Insect
Scaptodrosophila,Fly,Insect
Scaptomyza,Fly,Insect
Scaptotrigona,Bee,Insect
Seladonia,Bee,Insect
Sesamia,Moth,Insect
Sicus,Fly,Insect
Sipha,TrueBug,Insect
Sitodiplosis,Fly,Insect
Sitophilus,Weevil,Insect
Solenopsis,Ant,Insect
Sphecodes,Bee,Insect
Spiralizoros,Zorapteran,Insect
Spodoptera,Moth,Insect
Stegana,Fly,Insect
Stegodyphus,Spider,Arachnid
Stenopsyche,Caddisfly,Insect
Stomoxys,Fly,Insect
Strongygaster,Fly,Insect
Suillia,Fly,Insect
Syrphus,Hoverfly,Insect
Tapinoma,Ant,Insect
Teleopsis,Fly,Insect
Temnothorax,Ant,Insect
Tetragonisca,Bee,Insect
Tetragonula,Bee,Insect
Tetraponera,Ant,Insect
Timema,StickInsect,Insect
Thecophora,Fly,Insect
Thitarodes,Moth,Insect
Thrips,Thrip,Insect
Thyreus,Bee,Insect
Trachymyrmex,Ant,Insect
Triatoma,AssassinBug,Insect
Tribolium,Beetle,Insect
Trichogramma,Wasp,Insect
Trichoplusia,Moth,Insect
Triepeolus,Bee,Insect
Trigomphus,Dragonfly,Insect
Trigona,Bee,Insect
Vanessa,Butterfly,Insect
Vespa,Wasp,Insect
Vespula,Wasp,Insect
Vollenhovia,Ant,Insect
Wasmannia,Ant,Insect
Xylocopa,Bee,Insect
Zerene,Butterfly,Insect
Zeugodacus,Fruitfly,Insect
Zodion,Fly,Insect
Zootermopsis,Termite,Insect
Rubus,Berry,Plant
Abrus,Pea,Plant
Acacia,Acacia,Plant
Acer,Maple,Plant
Aconitum,FloweringPlant,Plant
Actinidia,Shrub,Plant
Aegilops,GoatGrass,Plant
Albuca,FloweringPlant,Plant
Alhagi,Camelthorns,Plant
Allium,FloweringPlant,Plant
Amborella,FloweringShrub,Plant
Ambrosia,Ragweeds,Plant
Amelanchier,JuneBerry,Plant
Ananas,Pineapple,Plant
Anemone,FloweringPlants,Plant
Apium,FloweringPlant,Plant
Aquilegia,FloweringPlant,Plant
Arabidopsis,SmallFlowering,Plant
Arabis,FloweringPlant,Plant
Arachis,FloweringPlantsSAMERICA,Plant
Artemisia,Mugwort,Plant
Asparagus,Asparagus,Plant
Astragalus,FloweringHerbsShrubs,Plant
Azadirachta,Tree,Plant
Beta,FloweringPlants,Plant
Betula,Birch,Plant
Brassica,CabbageBroccoli,Plant
Bixa,FloweringPlant,Plant
Borago,Herb,Plant
Brachypodium,Grass,Plant
Buglossoides,FloweringHerb,Plant
Cajanus,Plants,Plant
Camelina,FloweringPlant,Plant
Camellia,Flowers,Plant
Camptotheca,Tree,Plant
Cannabis,Cannabis,Plant
Capsella,FloweringPlant,Plant
Capsicum,Chillis,Plant
Caragana,Floweringplant,Plant
Carica,FloweringPlant,Plant
Castanea,ChestnutTree,Plant
Catalpa,FloweringPlant,Plant
Catharanthus,PeriwinkleFlowers,Plant
Centranthera,FloweringPlant,Plant
Cercis,FloweringPlant,Plant
Chaenomeles,FloweringShrub,Plant
Chenopodium,FloweringHerb,Plant
Chrysanthemum,FloweringPlant,Plant
Cicer,Chickpea,Plant
Cinnamomum,CinnamonTrees,Plant
Citrullus,Watermelon,Plant
Citrus,Orange,Plant
Cocos,CoconutTree,Plant
Coix,Grass,Plant
Coffea,Coffee,Plant
Consolida,FloweringPlant,Plant
Coptis,FloweringPlant,Plant
Corchorus,FloweringPlant,Plant
Corylus,HazelTree,Plant
Corymbia,Trees,Plant
Cotoneaster,FloweringPlants,Plant
Crambe,FloweringPlants,Plant
Crataegus,HawthornTree,Plant
Cucumis,Cucumber,Plant
Cucurbita,Squash/Pumpkin,Plant
Cynara,ArtichokeThistle,Plant
Daucus,Carrot,Plant
Dendrobium,Orchids,Plant
Digitalis,Foxgloves,Plant
Digitaria,Grass,Plant
Dimocarpus,FloweringTreeShrub,Plant
Durio,DurianTree,Plant
Echium,FloweringPlant,Plant
Elaeis,OilPalms,Plant
Eleusine,Grass,Plant
Eperua,FloweringPlant,Plant
Eragrostis,Grass,Plant
Eranthis,FloweringPlants,Plant
Eriobotrya,FloweringTreeShrub,Plant
Erythranthe,FloweringPlants,Plant
Eucalyptus,Eucalyptus,Plant
Eustoma,FloweringPlant,Plant
Eutrema,Wasabi,Plant
Fagus,BeechTree,Plant
Fragaria,Rose,Plant
Fraxinus,FloweringPlant,Plant
Galega,FloweringLegumePlant,Plant
Gentiana,FloweringPlant,Plant
Geranium,Geranium,Plant
Glycinemax,eukaryota,Plant
Glycine,Soybean,Plant
Glycyrrhiza,Licorice,Plant
Gossypium,Cotton,Plant
Isodon,FloweringPlant,Plant
Haberlea,FloweringPlant,Plant
Helianthus,FloweringPlant,Plant
Herrania,FloweringPlant,Plant
Hevea,FloweringPlants,Plant
Hibiscus,FloweringPlant,Plant
Hordeum,Grass,Plant
Ilex,HollyTree,Plant
Ipomoea,FloweringPlant,Plant
Jatropha,FloweringPlant,Plant
Juglans,WalnutTree,Plant
Koelreuteria,DeciduousTree,Plant
Lactuca,Lettuce,Plant
Lagenaria,Gourd,Plant
Lagerstroemia,EvergreenTree,Plant
Lathyrus,FloweringPlant,Plant
Leucas,FloweringPlant,Plant
Lens,Lentil,Plant
Leucaena,FloweringPlant,Plant
Lilium,Lilly,Plant
Linum,Flax,Plant
Litchi,Lychee,Plant
Lithospermum,FloweringPlant,Plant
Lotus,Lotus,Plant
Luffa,Vine,Plant
Lupinus,Bluebellsetc,Plant
Lycium,FloweringPlant,Plant
Magnolia,Magnolia,Plant
Malus,AppleTrees,Plant
Mangifera,Cashew,Plant
Manihot,FloweringShrubTrees,Plant
Marchantia,Liverworts,Plant
Medicago,Medick,Plant
Melilotus,FloweringPlant,Plant
Mentha,Mint,Plant
Miscanthus,Grass,Plant
Momordica,Climber,Plant
Morella,BerryPlant,Plant
Morus,Mulberries,Plant
Musa,BananasEtc,Plant
Nelumbo,AquaticFlowers,Plant
Nepeta,FloweringPlant,Plant
Nicotiana,Tabacco,Plant
Nicrophorus,Beetle,Plant
Nilaparvata,Planthopper,Plant
Nymphaea,AquaticFlowers,Plant
Ocimum,Herbs,Plant
Oldenlandia,FloweringPlant,Plant
Oleaeuropaea,Olive,Plant
Ononis,Herbs,Plant
Oryza,Rice,Plant
Oxytropis,FloweringLegume,Plant
Pachysandra,Evergreen,Plant
Paeonia,Peony,Plant
Panax,FloweringPlant,Plant
Panicum,Grass,Plant
Papaver,FloweringPlant,Plant
Perilla,FloweringPlant,Plant
Petunia,FloweringPlant,Plant
Phalaenopsis,FloweringPlant,Plant
Phaseolus,WildBean,Plant
Phelipanche,FloweringPlant,Plant
Phippsiomeles,Tree,Plant
Phlomis,Herb,Plant
Phoenix,Palms,Plant
Photinia,TreeShrub,Plant
Phyllostachys,Bamboo,Plant
Physcomitrium,Moss,Plant
Picea,Spruce,Plant
Picrorhiza,FloweringPlant,Plant
Pinus,Pine,Plant
Pistacia,FloweringPlant,Plant
Pisum,FloweringPlant,Plant
Plantago,FloweringPlant,Plant
Platanus,Tree,Plant
Pogostemon,FloweringPlant,Plant
Pongamia,FloweringPlant,Plant
Pontederia,AquaticFlower,Plant
Populus,FloweringPlant,Plant
Potentilla,FloweringPlant,Plant
Prosopis,FloweringPlant,Plant
Prunella,FloweringPlant,Plant
Prunus,FruitTree,Plant
Punica,TreeShrub,Plant
Pyrus,Pears,Plant
Quercus,Oak,Plant
Raphanus,Raddish,Plant
Rehmannia,FloweringPlant,Plant
Rhodamnia,Tree,Plant
Rhododendron,Rhododendron,Plant
Ricinus,Caster,Plant
Rosa,Roses,Plant
Saccharum,Grass,Plant
Salix,Willow,Plant
Salvia,FloweringPlant,Plant
Scoparia,FloweringPlant,Plant
Scutellaria,FloweringPlant,Plant
Sesamum,Sesame,Plant
Selaginella,SpikeMoss,Plant
Senna,Legumes,Plant
Sesbania,FloweringPlant,Plant
Setaria,Grass,Plant
Silene,FloweringPlant,Plant
Sinapis,FloweringPlant,Plant
Siraitia,FloweringPlant,Plant
Solanum,Potato/Tomato,Plant
Sorbus,TreeShrub,Plant
Sorghum,FloweringPlant,Plant
Spinacia,Spinach,Plant
Striga,Witchweed,Plant
Swainsona,FloweringPlant,Plant
Syzygium,Flower,Plant
Tamarix,FloweringPlant,Plant
Taraxacum,Dandelion,Plant
Tarenaya,FloweringPlant,Plant
Thalictrum,FlowreringPlant,Plant
Theobroma,FloweringPlant,Plant
Trema,Evergreen,Plant
Trifolium,Clover,Plant
Trigonella,Herb,Plant
Triphysaria,FloweringPlant,Plant
Tripterygium,FloweringPlant,Plant
Triticum,Grass,Plant
Urochloa,Grass,Plant
Vaccinium,FloweringPlant,Plant
Vicia,FloweringPlant,Plant
Vitis,Grapevine,Plant
Vigna,FlowersBeans,Plant
Zea,Cereal,Plant
Ziziphora,FloweringPlant,Plant
Ziziphus,SpinyShrubs,Plant
Acropora,Coral,Aquatic
Actinia,SeaAnemone,Aquatic
Amphimedon,Sponge,Aquatic
Anncaliia,Microsporidia,Fungus
Aplysia,Seaslug,Aquatic
Artemia,BrineShrimp,Aquatic
Biomphalaria,WaterSnail,Aquatic
Brachionus,PlanktonRotifer,Aquatic
Caligus,Sealice,Aquatic
Crassostrea,Oysters,Aquatic
Cyprideis,SeedShrimp,Aquatic
Daphnia,Daphnia,Aquatic
Darwinula,Ostracod,Aquatic
Dendronephthya,Coral,Aquatic
Emiliania,Phytoplankton,Aquatic
Eubosmina,Waterflea,Aquatic
Eurytemora,Copepod,Aquatic
Exaiptasia,Anemone,Aquatic
Hyalella,Amphipods,Aquatic
Hydra,Hydrozoa,Aquatic
Ichthyophthirius,FishParasite,Aquatic
Lepeophtheirus,Sealice,Aquatic
Limulus,HorseShoeCrab,Aquatic
Lingula,Brachiopod,Aquatic
Lottia,SeaSnail,Aquatic
Macrobrachium,Prawn,Aquatic
Mitosporidium,DaphniaEndoparasite,Aquatic
Mizuhopecten,Bivavle,Aquatic
Moina,WaterFlea,Aquatic
Mytilus,Bivalve,Aquatic
Nematostella,SeaAnemone,Aquatic
Notodromas,Ostracod,Aquatic
Octopus,Octopus,Aquatic
Orbicella,StonyCoral,Aquatic
Pecten,Bivavle,Aquatic
Peltaster,Echinoderm,Aquatic
Penaeus,Prawn,Aquatic
Perinereis,Ragworm,Aquatic
Philodina,Rotifer,Aquatic
Placozoa,Placozoa,Aquatic
Platynereis,MarineWorm,Aquatic
Pocillopora,Coral,Aquatic
Pollicipes,Barnacle,Aquatic
Pomacea,FreshwaterSnail,Aquatic
Portunus,Crab,Aquatic
Priapulus,PenisWorm,Aquatic
Procambarus,Crayfish,Aquatic
Scapholeberis,FreshwaterCrustacean,Aquatic
Schmidtea,FreshwaterTriclad,Aquatic
Scylla,Crab,Aquatic
Sepia,Cuttlefish,Aquatic
Sphaeroforma,Ichthyosporeans,Aquatic
Spirodela,Duckweed,Aquatic
Streptocephalus,FairyShrimp,Aquatic
Stylophora,Coral,Aquatic
Tigriopus,Copepod,Aquatic
Trichoplax,Placozoa,Aquatic
Acarus,Mite,Ext_Macroparasite
Aethina,HivePest,Ext_Macroparasite
Aleuroglyphus,Mite,Ext_Macroparasite
Apocephalus,PhoridFlyAttacksBumbleBees,Ext_Macroparasite
Brugia,Roundworm,Nematode
Dermacentor,Tick,Ext_Macroparasite
Echinococcus,Platyhelminth,Platyhelminth
Fasciola,RiverFluke,Platyhelminth
Galendromus,Mite,Ext_Macroparasite
Haemaphysalis,Tick,Ext_Macroparasite
Histiostoma,Mite,Ext_Macroparasite
Ixodes,Tick,Ext_Macroparasite
Locustacarus,MiteAttacksBumbleBees,Ext_Macroparasite
Parasitus,Mite,Ext_Macroparasite
Podapolipus,Mite,Ext_Macroparasite
Rhipicephalus,Tick,Ext_Macroparasite
Rhizoglyphus,Mite,Ext_Macroparasite
Sancassania,Mite,Ext_Macroparasite
Schistosoma,Platyhelminth,Platyhelminth
Spirometra,Platyhelminth,Platyhelminth
Tyrophagus,Mite,Ext_Macroparasite
Varroa,Mite,Ext_Macroparasite
Acanthocheilonema,Nematode,Nematode
Acrobeloides,Nematode,Nematode
Ancylostoma,Nematode,Nematode
Angiostrongylus,Nematode,Nematode
Aphelenchoides,Nematode,Nematode
Aphelenchus,Nematode,Nematode
Anisakis,Nematode,Nematode
Bursaphelenchus,Nematode,Nematode
Dictyocaulus,Nematode,Nematode
Dirofilaria,Nematode,Nematode
Ditylenchus,Nematode,Nematode
Globodera,Nematode,Nematode
Gongylonema,Nematode,Nematode
Haemonchus,Nematode,Nematode
Heterodera,Nematode,Nematode
Loa,Nematode,Nematode
Meloidogyne,Nematode,Nematode
Micoletzkya,Nematode,Nematode
Necator,Nematode,Nematode
Nematoda,Nematode,Nematode
Onchocerca,Nematode,Nematode
Oscheius,Nematode,Nematode
Panagrellus,Nematode,Nematode
Parastrongyloides,Nematode,Nematode
Pelodera,Nematode,Nematode
Pratylenchus,Nematode,Nematode
Pristionchus,Nematode,Nematode
Radopholus,Nematode,Nematode
Steinernema,Nematode,Nematode
Strongyloides,Nematode,Nematode
Teladorsagia,Nematode,Nematode
ToxAuanema,Nematode,Nematode
Trichinella,Nematode,Nematode
Trichostrongylus,Nematode,Nematode
Wuchereria,Nematode,Nematode
Zeldia,Nematode,Nematode
Aaosphaeria,Fungus,Fungus
Acaromyces,Fungus,Fungus
Agaricus,Fungus,Fungus
Albugo,Fungus,Fungus
Alternaria,Fungus,Fungus
Anthracocystis,Fungus,Fungus
Aphanomyces,Fungus,Fungus
Apiotrichum,Fungus,Fungus
Aplosporella,Fungus,Fungus
Apophysomyces,Fungus,Fungus
Armillaria,Fungus,Fungus
Ascosphaera,Fungus,Fungus
Aspergillus,Fungus,Fungus
Aureobasidium,Fungus,Fungus
Babjeviella,Fungus,Fungus
Basidiobolus,Fungus,Fungus
Batrachochytrium,Fungus,Fungus
Baudoinia,Fungus,Fungus
Beauveria,Fungus,Fungus
Bipolaris,Fungus,Fungus
Blastobotrys,Fungus,Fungus
Blumeria,Fungus,Fungus
Botryobasidium,Fungus,Fungus
Botrytis,Fungus,Fungus
Brettanomyces,Fungus,Fungus
Byssochlamys,Fungus,Fungus
Candida,Fungus,Fungus
Capronia,Fungus,Fungus
Cenococcum,Fungus,Fungus
Ceraceosorus,Fungus,Fungus
Cercospora,Fungus,Fungus
Chaetomium,Fungus,Fungus
Cladophialophora,Fungus,Fungus
Cladosporium,Fungus,Fungus
Clavispora,Fungus,Fungus
Coccidioides,Fungus,Fungus
Colletotrichum,Fungus,Fungus
Coprinopsis,Fungus,Fungus
Cordyceps,Fungus,Fungus
Cryptococcus,Fungus,Fungus
Cutaneotrichosporon,Fungus,Fungus
Cyberlindnera,Fungus,Fungus
Debaryomyces,Fungus,Fungus
Didymella,Fungus,Fungus
Diplodia,Fungus,Fungus
Dissoconium,Fungus,Fungus
Diutina,Fungus,Fungus
Endocarpon,Lichen,Fungus
Eremomyces,Fungus,Fungus
Eremothecium,Fungus,Fungus
Exophiala,Fungus,Fungus
Exserohilum,Fungus,Fungus
Fonsecaea,Fungus,Fungus
Fusarium,Fungus,Fungus
Gaeumannomyces,Fungus,Fungus
Geosmithia,Fungus,Fungus
Globisporangium,Fungus,Fungus
Golovinomyces,Fungus,Fungus
Grosmannia,Fungus,Fungus
Hyaloscypha,Fungus,Fungus
Hyphopichia,Fungus,Fungus
Jaminaea,Fungus,Fungus
Kalmanozyma,Fungus,Fungus
Kazachstania,Fungus,Fungus
Kluyveromyces,Fungus,Fungus
Kodamaea,Fungus,Fungus
Komagataella,Fungus,Fungus
Kuraishia,Fungus,Fungus
Kwoniella,Fungus,Fungus
Lachancea,Fungus,Fungus
Lasiodiplodia,Fungus,Fungus
Lentinula,Fungus,Fungus
Leptosphaeria,Fungus,Fungus
Leucosporidium,Fungus,Fungus
Lichtheimia,Fungus,Fungus
Lobosporangium,Fungus,Fungus
Lodderomyces,Fungus,Fungus
Macroventuria,Fungus,Fungus
Malassezia,Fungus,Fungus
Meira,Fungus,Fungus
Melampsora,Fungus,Fungus
Melanopsichium,Fungus,Fungus
Metarhizium,Fungus,Fungus
Metschnikowia,Fungus,Fungus
Meyerozyma,Fungus,Fungus
Millerozyma,Fungus,Fungus
Mixia,Fungus,Fungus
Moesziomyces,Fungus,Fungus
Moniliella,Fungus,Fungus
Mucor,Fungus,Fungus
Mycena,Fungus,Fungus
Naganishia,Fungus,Fungus
Nakaseomyces,Fungus,Fungus
Naumovozyma,Fungus,Fungus
Neohortaea,Fungus,Fungus
Neurospora,Fungus,Fungus
Ogataea,Fungus,Fungus
Paracoccidioides,Fungus,Fungus
Paraphaeosphaeria,Fungus,Fungus
Parastagonospora,Fungus,Fungus
Penicilliopsis,Fungus,Fungus
Penicillium,Fungus,Fungus
Periconia,Fungus,Fungus
Phaffia,Fungus,Fungus
Phanerochaete,Fungus,Fungus
Phialemoniopsis,Fungus,Fungus
Phialophora,Fungus,Fungus
Phlebia,Fungus,Fungus
Phycomyces,Fungus,Fungus
Pichia,Fungus,Fungus
Pleurotus,Fungus,Fungus
Pneumocystis,Fungus,Fungus
Postia,Fungus,Fungus
Pseudocercospora,Fungus,Fungus
Pseudogymnoascus,Fungus,Fungus
Pseudomicrostroma,Fungus,Fungus
Pseudozyma,Fungus,Fungus
Puccinia,Fungus,Fungus
Pyrenophora,Fungus,Fungus
Pyricularia,Fungus,Fungus
Ramularia,Fungus,Fungus
Rhizoctonia,Fungus,Fungus
Rhizophagus,Fungus,Fungus
Rhizopus,Fungus,Fungus
Rhodotorula,Fungus,Fungus
Rasamsonia,Fungus,Fungus
Saccharomyces,Fungus,Fungus
Saitoella,Fungus,Fungus
Saprochaete,Fungus,Fungus
Scheffersomyces,Fungus,Fungus
Schizosaccharomyces,Fungus,Fungus
Sclerotinia,Fungus,Fungus
Sodiomyces,Fungus,Fungus
Sordaria,Fungus,Fungus
Spathaspora,Fungus,Fungus
Sphaerulina,Fungus,Fungus
Spizellomyces,Fungus,Fungus
Sporidiobolus,Fungus,Fungus
Sporisorium,Fungus,Fungus
Sporothrix,Fungus,Fungus
Starmerella,Fungus,Fungus
Stemphylium,Fungus,Fungus
Sugiyamaella,Fungus,Fungus
Suhomyces,Fungus,Fungus
Synchytrium,Fungus,Fungus
Talaromyces,Fungus,Fungus
Teratosphaeria,Fungus,Fungus
Tetrapisispora,Fungus,Fungus
Thermothielavioides,Fungus,Fungus
Tilletiaria,Fungus,Fungus
Tilletiopsis,Fungus,Fungus
Torulaspora,Fungus,Fungus
Trichoderma,Fungus,Fungus
Trichophyton,Fungus,Fungus
Trichosporon,Fungus,Fungus
Trametes,Fungus,Fungus
Ustilago,Fungus,Fungus
Vanderwaltozyma,Fungus,Fungus
Verticillium,Fungus,Fungus
Wallemia,Fungus,Fungus
Wickerhamiella,Fungus,Fungus
Wickerhamomyces,Fungus,Fungus
Xylaria,Fungus,Fungus
Xylona,Fungus,Fungus
Yamadazyma,Fungus,Fungus
Yarrowia,Fungus,Fungus
Zasmidium,Fungus,Fungus
Zygosaccharomyces,Fungus,Fungus
Zygotorulaspora,Fungus,Fungus
Zymoseptoria,Fungus,Fungus
Angomonas,Trypanosome,Trypanosome
Crithidia,Trypanosome,Trypanosome
Endotrypanum,Trypanosome,Trypanosome
Herpetomonas,Trypanosome,Trypanosome
Leishmania,Trypanosome,Trypanosome
Leptomonas,Trypanosome,Trypanosome
Lotmaria,Trypanosome,Trypanosome
Paratrypanosoma,Trypanosome,Trypanosome
Phytomonas,Trypanosome,Trypanosome
Strigomonas,Trypanosome,Trypanosome
Trypanosoma,Trypanosome,Trypanosome
Wallaceina,Trypanosome,Trypanosome
Zelonia,Trypanosome,Trypanosome
Babesia,Unicellular:Parasite,Unicellular
Besnoitia,Unicellular:Parasite,Unicellular
Blastocystis,Unicellular:Parasite,Unicellular
Cryptosporidium,Unicellular:Parasite,Unicellular
Cyclospora,Unicellular:Parasite,Unicellular
Eimeria,Unicellular:Parasite,Unicellular
Encephalitozoon,Fungus,Fungus
Gregarina,Unicellular:Parasite,Unicellular
Neospora,Unicellular:Parasite,Unicellular
Nephromyces,Unicellular:Parasite,Unicellular
Nosema,Microsporidia,Fungus
Ordospora,Fungus,Fungus
Perkinsus,Unicellular:Parasite,Aquatic
Phytophthora,Unicellular:Parasite,Unicellular
Plasmodium,Unicellular:Parasite,Unicellular
Plasmopara,Unicellular:Parasite,Unicellular
Theileria,Unicellular:Parasite,Unicellular
Toxoplasma,Unicellular:Parasite,Unicellular
Tubulinosema,Microsporidia,Fungus
Vairimorpha,Microsporidia,Fungus
Vittaforma,Microsporidia,Fungus
Acytostelium,SlimeMould,Unicellular
Bathycoccus,GreenAlgae,Algae
Chlamydomonas,GreenAlgae,Algae
Chloropicon,GreenAlgae,Algae
Cyanidioschyzon,RedAlgae,Algae
Euglena,Flagellate,Unicellular
Galdieria,RedAlgae,Algae
Guillardia,Algae,Algae
Naegleria,Protist,Unicellular
Ostreococcus,GreenAlgae,Algae
Paramecium,Ciliate,Unicellular
Phaeodactylum,MicroAlgae,Algae
Pyropia,RedAlgae,Algae
Saprolegnia,CottonMould,Unicellular
Tetrahymena,Ciliate,Unicellular
Parasitidae,Mite,Ext_Macroparasite
Saccharomycetaceae,Fungus,Fungus
Tilia,TreeBushes,Plant
Oliveria,FloweringPlant,Plant
Olea,Olive,Plant
(Citrus,Orange,Plant
[Argentina],FloweringPlant,Plant
[Candida],Fungus,Fungus
Abedus,GiantWaterBug,Insect
Abies,Evergreen,Plant
Abscondita,Firefly,Insect
Absidia,Fungus,Fungus
Acanthamoeba,Amoeboid,Unicellular
Acartia,Copepod,Aquatic
Acorus,FloweringPlant,Plant
Acromegalomma,DusterWorm,Aquatic
Acropyga,Ant,Insect
Actaea,Crab,Aquatic
Agave,Monocot,Plant
Agrimonia,Plant,Plant
Ajuga,Plant,Plant
Alchemilla,Plant,Plant
Aldrichina,Fly,Insect
Alitta,Ringworm,Annelid
Alloteropsis,Grass,Plant
Alnus,Birch,Plant
Alopecurus,FoxtailGrass,Plant
Alternanthera,FloweringPlant,Plant
Amaranthus,FloweringPlant,Plant
Amblyomma,HardTick,Ext_Macroparasite
Amblyseius,Mite,Ext_Macroparasite
Ammopiptanthus,Evergreen,Plant
Amorphotheca,Fungus,Fungus
Ancistrocerus,Wasp,Insect
Andrographis,FloweringPlant,Plant
Annona,FloweringPlant,Plant
Anthemis,FloweringPlant,Plant
Antheraea,Moth,Insect
Antirrhinum,FloweringPlant,Plant
Apamea,Moth,Insect
Apatania,Caddisfly,Insect
Aphelinus,Wasp,Insect
Aphidius,Wasp,Insect
Aphonopelma,Spider,Arachnid
Apolygus,TrueBug,Insect
Apostasia,FloweringPlant,Plant
Aquilaria,FloweringPlants,Plant
Arnebia,FloweringPlants,Plant
Aruncus,FloweringPlants,Plant
Atropa,FloweringPlants,Plant
Aucuba,FloweringPlants,Plant
Avicennia,FloweringPlants,Plant
Bacopa,FloweringPlants,Plant
Bauhinia,FloweringPlants,Plant
Begonia,FloweringPlants,Plant
Bencomia,FloweringPlants,Plant
Boehmeria,FloweringPlants,Plant
Bruguiera,FloweringPlants,Plant
Buddleja,FloweringPlants,Plant
Bupleurum,FloweringPlants,Plant
Calamus,FloweringPlants,Plant
Calendula,FloweringPlants,Plant
Callicarpa,FloweringPlants,Plant
Calotropis,FloweringPlants,Plant
Calycanthus,FloweringPlants,Plant
Campanula,FloweringPlants,Plant
Cananga,FloweringPlants,Plant
Cardamine,FloweringPlants,Plant
Carex,FloweringPlants,Plant
Carpinus,FloweringPlants,Plant
Carthamus,FloweringPlants,Plant
Castilleja,FloweringPlants,Plant
Ceanothus,FloweringPlants,Plant
Centaurium,FloweringPlants,Plant
Chamaerhodos,FloweringPlants,Plant
Chelidonium,FloweringPlants,Plant
Chrysopogon,FloweringPlants,Plant
Cichorium,FloweringPlants,Plant
Cirsium,FloweringPlants,Plant
Cistanche,FloweringPlants,Plant
Clarkia,FloweringPlants,Plant
Coccinia,FloweringPlants,Plant
Codonopsis,FloweringPlants,Plant
Comarum,FloweringPlants,Plant
Cornus,FloweringPlants,Plant
Crocus,FloweringPlants,Plant
Cuscuta,FloweringPlants,Plant
Cyamopsis,FloweringPlants,Plant
Cymbidium,FloweringPlants,Plant
Cynomorium,FloweringPlants,Plant
Cytisus,FloweringPlants,Plant
Dasiphora,FloweringPlants,Plant
Datisca,FloweringPlants,Plant
Datura,FloweringPlants,Plant
Davidia,FloweringPlants,Plant
Debregeasia,FloweringPlants,Plant
Delphinium,FloweringPlants,Plant
Dianthus,FloweringPlants,Plant
Dioscorea,FloweringPlants,Plant
Diospyros,FloweringPlants,Plant
Diplostephium,FloweringPlants,Plant
Dipteronia,FloweringPlants,Plant
Dorcoceras,FloweringPlants,Plant
Dracaena,FloweringPlants,Plant
Dryas,FloweringPlants,Plant
Drymocallis,FloweringPlants,Plant
Dugesia,FloweringPlants,Plant
Elaeagnus,FloweringPlants,Plant
Eleutherococcus,FloweringPlants,Plant
Eremosparton,FloweringPlants,Plant
Eruca,FloweringPlants,Plant
Eucommia,FloweringPlants,Plant
Euonymus,FloweringPlants,Plant
Euphorbia,FloweringPlants,Plant
Fagopyrum,FloweringPlants,Plant
Forsythia,FloweringPlants,Plant
Fritillaria,FloweringPlants,Plant
Gardenia,FloweringPlants,Plant
Geum,FloweringPlants,Plant
Gillenia,FloweringPlants,Plant
Glechoma,FloweringPlants,Plant
Griffonia,FloweringPlants,Plant
Handroanthus,FloweringPlants,Plant
Hedera,FloweringPlants,Plant
Hedysarum,FloweringPlants,Plant
Helianthemum,FloweringPlants,Plant
Helleborus,FloweringPlants,Plant
Hemiptelea,FloweringPlants,Plant
Heteropogon,FloweringPlants,Plant
Hippophae,FloweringPlants,Plant
Hyacinthus,FloweringPlants,Plant
Hydrangea,FloweringPlants,Plant
Hypericum,FloweringPlants,Plant
Hyssopus,FloweringPlants,Plant
Idesia,FloweringPlants,Plant
Illicium,FloweringPlants,Plant
Iris,FloweringPlants,Plant
Jasminum,FloweringPlants,Plant
Kageneckia,FloweringPlants,Plant
Kali,FloweringPlants,Plant
Lamium,FloweringPlants,Plant
Lasianthus,FloweringPlants,Plant
Lavandula,FloweringPlants,Plant
Lepidium,FloweringPlants,Plant
Leucadendron,FloweringPlants,Plant
Leucosceptrum,FloweringPlants,Plant
Libidibia,FloweringPlants,Plant
Ligustrum,FloweringPlants,Plant
Lindera,FloweringPlants,Plant
Liriodendron,FloweringPlants,Plant
Lithocarpus,FloweringPlants,Plant
Lobelia,FloweringPlants,Plant
Lolium,FloweringPlants,Plant
Lonicera,FloweringPlants,Plant
Lycoris,FloweringPlants,Plant
Macleaya,FloweringPlants,Plant
Macropharynx,FloweringPlants,Plant
Marrubium,FloweringPlants,Plant
Mesembryanthemum,FloweringPlants,Plant
Mirbelia,FloweringPlants,Plant
Monotropa,FloweringPlants,Plant
Morinda,FloweringPlants,Plant
Moringa,FloweringPlants,Plant
Narcissus,FloweringPlants,Plant
Neobartsia,FloweringPlants,Plant
Neolamarckia,FloweringPlants,Plant
Nerium,FloweringPlants,Plant
Nigella,FloweringPlants,Plant
Nyssa,FloweringPlants,Plant
Oenothera,FloweringPlants,Plant
Olimarabidopsis,FloweringPlants,Plant
Onosma,FloweringPlants,Plant
Orthosia,FloweringPlants,Plant
Oryctes,FloweringPlants,Plant
Osmanthus,FloweringPlants,Plant
Parasponia,FloweringPlants,Plant
Passiflora,FloweringPlants,Plant
Paulownia,FloweringPlants,Plant
Pectinaria,FloweringPlants,Plant
Pedicularis,FloweringPlants,Plant
Pediomelum,FloweringPlants,Plant
Pelargonium,FloweringPlants,Plant
Penstemon,FloweringPlants,Plant
Persea,FloweringPlants,Plant
Phacelia,FloweringPlants,Plant
Phlomoides,FloweringPlants,Plant
Phtheirospermum,FloweringPlants,Plant
Phytolacca,FloweringPlants,Plant
Piper,FloweringPlants,Plant
Pittosporum,FloweringPlants,Plant
Plectranthus,FloweringPlants,Plant
Plukenetia,FloweringPlants,Plant
Polylepis,FloweringPlants,Plant
Portulaca,FloweringPlants,Plant
Potaninia,FloweringPlants,Plant
Primula,FloweringPlants,Plant
Primulina,FloweringPlants,Plant
Ranunculus,FloweringPlants,Plant
Rhaphiolepis,FloweringPlants,Plant
Rheum,FloweringPlants,Plant
Rhus,FloweringPlants,Plant
Ribes,FloweringPlants,Plant
Robinia,FloweringPlants,Plant
Rorippa,FloweringPlants,Plant
Sanguisorba,FloweringPlants,Plant
Santalum,FloweringPlants,Plant
Satureja,FloweringPlants,Plant
Saussurea,FloweringPlants,Plant
Schiedea,FloweringPlants,Plant
Schisandra,FloweringPlants,Plant
Schizachyrium,FloweringPlants,Plant
Schultesia,FloweringPlants,Plant
Secale,FloweringPlants,Plant
Sedum,FloweringPlants,Plant
Senecio,FloweringPlants,Plant
Sesuvium,FloweringPlants,Plant
Shorea,FloweringPlants,Plant
Sibbaldia,FloweringPlants,Plant
Sibbaldianthe,FloweringPlants,Plant
Sipanea,FloweringPlants,Plant
Solms,FloweringPlants,Plant
Sonchus,FloweringPlants,Plant
Sonneratia,FloweringPlants,Plant
Spatholobus,FloweringPlants,Plant
Stellaria,FloweringPlants,Plant
Stemona,FloweringPlants,Plant
Swertia,FloweringPlants,Plant
Syringa,FloweringPlants,Plant
Tectona,FloweringPlants,Plant
Triadenum,FloweringPlants,Plant
Trichosanthes,FloweringPlants,Plant
Tulipa,FloweringPlants,Plant
Tylosema,FloweringPlants,Plant
Ulmus,FloweringPlants,Plant
Utricularia,FloweringPlants,Plant
Vachellia,FloweringPlants,Plant
Vanilla,FloweringPlants,Plant
Vauquelinia,FloweringPlants,Plant
Vernicia,FloweringPlants,Plant
Veronica,FloweringPlants,Plant
Vincetoxicum,FloweringPlants,Plant
Viola,FloweringPlants,Plant
Vitex,FloweringPlants,Plant
Withania,FloweringPlants,Plant
Xanthoceras,FloweringPlants,Plant
Yucca,FloweringPlants,Plant
Zostera,FloweringPlants,Plant
AAraneus,Spider,Insect
Araniella,Spider,Insect
Latrodectus,Spider,Insect
Trichonephila,Spider,Insect
Machilis,Machilid,Insect
Glyptotermes,Termite,Insect
Mastotermes,Termite,Insect
Reticulitermes,Termite,Insect
Schultesia,Cockroach,Insect
Shelfordella,Cockroach,Insect
Pseudodiaptomus,Crustacean,Aquatic
Callosobruchus,Beetle,Insect
Chelidonium,Beetle,Insect
Clivina,Beetle,Insect
Coleomegilla,Beetle,Insect
Georissus,Beetle,Insect
Hypothenemus,Beetle,Insect
Ips,Beetle,Insect
Longitarsus,Beetle,Insect
Monochamus,Beetle,Insect
Mylabris,Beetle,Insect
Oryctes,Beetle,Insect
Pheropsophus,Beetle,Insect
Pleocoma,Beetle,Insect
Potaninia,Beetle,Insect
Stenotarsus,Beetle,Insect
Tenebrio,Beetle,Insect
Callinectes,Crustacean,Aquatic
Cancer,Crustacean,Aquatic
Cherax,Crustacean,Aquatic
Helice,Crustacean,Aquatic
Homarus,Crustacean,Aquatic
Libinia,Crustacean,Aquatic
Metacarcinus,Crustacean,Aquatic
Neohelice,Crustacean,Aquatic
Nephrops,Crustacean,Aquatic
Megafenestra,Daphnia,Aquatic
Eumesocampa,Hexapod,Insect
Bombylius,BeeFly,Insect
Cecidomyiidae,GallMidge,Insect
Chrysopogon,AssassinFly,Insect
Dohrniphora,Fly,Insect
Eupeodes,Fly,Insect
Helophilus,Fly,Insect
Heteropogon,Fly,Insect
Hydrellia,Fly,Insect
Hydrotaea,Fly,Insect
Lordiphosa,Fly,Insect
Ochlerotatus,Fly,Insect
Oreogeton,Fly,Insect
Orfelia,Fly,Insect
Pachycerina,Fly,Insect
Phlebotomus,Fly,Insect
Phortica,Fly,Insect
Psathyromyia,Fly,Insect
Simulium,Fly,Insect
Xanthogramma,Fly,Insect
Cloeon,Mayfly,Insect
Ephemera,Mayfly,Insect
Glycaspis,TrueBug,Insect
Lethocerus,TrueBug,Insect
Mahanarva,TrueBug,Insect
Phenacoccus,TrueBug,Insect
Pristhesancus,TrueBug,Insect
Pterocomma,TrueBug,Insect
Pyrrhocoris,TrueBug,Insect
Encarsia,Wasp,Insect
Braunsapis,Bee,Insect
Coelioxoides,Bee,Insect
Ctenoplectra,Bee,Insect
Inquilina,Bee,Insect
Lestrimelitta,Bee,Insect
Liotrigona,Bee,Insect
Manuelia,Bee,Insect
Meliponula,Bee,Insect
Scaura,Bee,Insect
Habrobracon,Wasp,Insect
Hockeria,Wasp,Insect
Hyssopus,Wasp,Insect
Evaniella,Wasp,Insect
Tylosema,Wasp,Insect
Diacamma,Ant,Insect
Myrmica,Ant,Insect
Augochlorella,Bee,Insect
Rediviva,Bee,Insect
Cecidostiba,Wasp,Insect
Argas,Tick,Ext_Macroparasite
Ornithodoros,Tick,Ext_Macroparasite
Carposina,ButterflyMoth,Insect
Chilo,ButterflyMoth,Insect
Cnaphalocrocis,ButterflyMoth,Insect
Arctia,ButterflyMoth,Insect
Viola,ButterflyMoth,Insect
Dendrolimus,ButterflyMoth,Insect
Ectoedemia,ButterflyMoth,Insect
Athetis,ButterflyMoth,Insect
Orthosia,ButterflyMoth,Insect
Peridroma,ButterflyMoth,Insect
Dryas,ButterflyMoth,Insect
Hipparchia,ButterflyMoth,Insect
Neptis,ButterflyMoth,Insect
Pachliopta,ButterflyMoth,Insect
Lonomia,ButterflyMoth,Insect
Lindera,ButterflyMoth,Insect
Cydia,ButterflyMoth,Insect
Idolomantis,Mantis,Insect
Iris,Mantis,Insect
Phyllocrania,Mantis,Insect
Liturgusa,Mantis,Insect
Statilia,Mantis,Insect
Dermanyssus,Mite,Ext_Macroparasite
Neoseiulus,Mite,Ext_Macroparasite
Chrysopa,NetWinged,Insect
Wesmaelius,NetWinged,Insect
Austroargiolestes,DragonDamselFly,Insect
Ceriagrion,DragonDamselFly,Insect
Ischnura,DragonDamselFly,Insect
Epiophlebia,DragonDamselFly,Insect
Euphaea,DragonDamselFly,Insect
Lestes,DragonDamselFly,Insect
Leiobunum,Harvestman,Arachnid
Gryllus,GrasshopperLocustetc,Insect
Myrmecophilus,GrasshopperLocustetc,Insect
Teleogryllus,GrasshopperLocustetc,Insect
Pediculus,Louse,Ext_Macroparasite
Liposcelis,Louse,Ext_Macroparasite
Diadasiopus,Mite,Ext_Macroparasite
Carpoglyphus,Mite,Ext_Macroparasite
Chaetodactylus,Mite,Ext_Macroparasite
Blomia,Mite,Ext_Macroparasite
Glycyphagus,Mite,Ext_Macroparasite
Histiostomatidae,Mite,Ext_Macroparasite
Psoroptes,Mite,Ext_Macroparasite
Sarcoptes,Mite,Ext_Macroparasite
Trouessartia,Mite,Ext_Macroparasite
Isometrus,Scorpion,Arachnid
Tityus,Scorpion,Arachnid
Xenopsylla,Flea,Ext_Macroparasite
Hydropsyche,Caddisfly,Insect
Demodex,Mite,Ext_Macroparasite
Trombidiformes,Mite,Ext_Macroparasite
Chrysomelobia,Mite,Ext_Macroparasite
Tarsonemidae,Mite,Ext_Macroparasite
Panonychus,Mite,Ext_Macroparasite
Tetranychus,Mite,Ext_Macroparasite
Dinothrombium,Mite,Ext_Macroparasite
Carcinoscorpius,Crab,Aquatic
Lepisma,SilverFishFireBrat,Insect
Thermobia,SilverFishFireBrat,Insect
Atelura,Insect,Insect
Arenicola,MarineWorm,Aquatic
Hediste,MarineWorm,Aquatic
Nereis,MarineWorm,Aquatic
Pectinaria,MarineWorm,Aquatic
Halamphora,MicroAlgae,Algae
Thalassiosira,MicroAlgae,Algae
Flammulina,Fungus,Fungus
Laccaria,Fungus,Fungus
Pluteus,Fungus,Fungus
Schizophyllum,Fungus,Fungus
Tricholoma,Fungus,Fungus
Volvariella,Fungus,Fungus
Catenaria,Fungus,Fungus
Coniophora,Fungus,Fungus
Paxillus,Fungus,Fungus
Pisolithus,Fungus,Fungus
Serpula,Fungus,Fungus
Ceratobasidium,Fungus,Fungus
Arthrocladium,Fungus,Fungus
Bonordeniella,Fungus,Fungus
Cyphellophora,Fungus,Fungus
Rhinocladiella,Fungus,Fungus
Pseudovirgaria,Fungus,Fungus
Chytriomyces,Fungus,Fungus
Punctularia,Fungus,Fungus
Gloeophyllum,Fungus,Fungus
Cryphonectria,Fungus,Fungus
Diaporthe,Fungus,Fungus
Gigaspora,Fungus,Fungus
Sydowia,Fungus,Fungus
Conidiobolus,Fungus,Fungus
Entomophthora,Fungus,Fungus
Erysiphe,Fungus,Fungus
Monascus,Fungus,Fungus
Filobasidium,Fungus,Fungus
Ramaria,Fungus,Aquatic
Glomus,Fungus,Fungus
Glarea,Fungus,Fungus
Lachnellula,Fungus,Fungus
Marssonina,Fungus,Fungus
Fomitiporia,Fungus,Fungus
Monilinia,Fungus,Fungus
Phialocephala,Fungus,Fungus
Venustampulla,Fungus,Fungus
Hypocrella,Fungus,Fungus
Claviceps,Fungus,Fungus
Clonostachys,Fungus,Fungus
Epichloe,Fungus,Fungus
Ophiocordyceps,Fungus,Fungus
Pochonia,Fungus,Fungus
Purpureocillium,Fungus,Fungus
Glaciozyma,Fungus,Fungus
Letharia,Fungus,Fungus
Ceratocystis,Fungus,Fungus
Scedosporium,Fungus,Fungus
Entomortierella,Fungus,Fungus
Linnemannia,Fungus,Fungus
Mortierella,Fungus,Fungus
Podila,Fungus,Fungus
Choanephora,Fungus,Fungus
Parasitella,Fungus,Fungus
Mytilinidion,Fungus,Fungus
Coniosporium,Fungus,Fungus
Reniforma,Fungus,Fungus
Trigonosporomyces,Fungus,Fungus
Rozella,Fungus,Fungus
Hepatospora,Fungus,Fungus
Neocallimastix,Fungus,Fungus
Piromyces,Fungus,Fungus
Arthroderma,Fungus,Fungus
Blastomyces,Fungus,Fungus
Histoplasma,Fungus,Fungus
Microsporum,Fungus,Fungus
Nannizzia,Fungus,Fungus
Uncinocarpus,Fungus,Fungus
Arthrobotrys,Fungus,Fungus
Patellaria,Fungus,Fungus
Tuber,Fungus,Fungus
Ascochyta,Fungus,Fungus
Dothidotthia,Fungus,Fungus
Epicoccum,Fungus,Fungus
Lindgomyces,Fungus,Fungus
Trematosphaeria,Fungus,Fungus
Westerdykella,Fungus,Fungus
Dichomitus,Fungus,Fungus
Fibroporia,Fungus,Fungus
Ganoderma,Fungus,Fungus
Polyporus,Fungus,Fungus
Sparassis,Fungus,Fungus
Wolfiporia,Fungus,Fungus
Heterobasidion,Fungus,Fungus
Peniophora,Fungus,Fungus
Stereum,Fungus,Fungus
Galactomyces,Fungus,Fungus
Geotrichum,Fungus,Fungus
Lipomyces,Fungus,Fungus
Magnusiomyces,Fungus,Fungus
Saccharomycopsis,Fungus,Fungus
Trichomonascus,Fungus,Fungus
Podospora,Fungus,Fungus
Thermothelomyces,Fungus,Fungus
Sporobolomyces,Fungus,Fungus
Taphrina,Fungus,Fungus
Thelephora,Fungus,Fungus
Tilletia,Fungus,Fungus
Phaeoacremonium,Fungus,Fungus
Kockovaella,Fungus,Fungus
Tremella,Fungus,Fungus
Vanrija,Fungus,Fungus
Venturia,Fungus,Fungus
Verruconis,Fungus,Fungus
Daldinia,Fungus,Fungus
Microdochium,Fungus,Fungus
Pestalotiopsis,Fungus,Fungus
Ascaris,Nematode,Nematode
Auanema,Nematode,Nematode
Caenorhabditis,Nematode,Nematode
Fergusobia,Nematode,Nematode
Halicephalobus,Nematode,Nematode
Heligmosomoides,Nematode,Nematode
Heterakis,Nematode,Nematode
Hoplolaimus,Nematode,Nematode
Howardula,Nematode,Nematode
Litomosoides,Nematode,Nematode
Mononchoides,Nematode,Nematode
Oesophagostomum,Nematode,Nematode
Prionchulus,Nematode,Nematode
Pseudoterranova,Nematode,Nematode
Teratodiplogaster,Nematode,Nematode
Toxascaris,Nematode,Nematode
Toxocara,Nematode,Nematode
Uncinaria,Nematode,Nematode
Xiphinema,Nematode,Nematode
Dugesia,Platyhelminth,Platyhelminth
Girardia,Platyhelminth,Platyhelminth
Hymenolepis,Platyhelminth,Platyhelminth
Macrostomum,Platyhelminth,Platyhelminth
Opisthorchis,Platyhelminth,Platyhelminth
Paragonimus,Platyhelminth,Platyhelminth
Robinia,Platyhelminth,Platyhelminth
Lineus,Worm,Nemertea
Leucosolenia,Sponge,Aquatic
Sycon,Sponge,Aquatic
Conus,Mollusc,Mollusc
Dreissena,Mollusc,Mollusc
Haliotis,Mollusc,Mollusc
Lepidochitona,Mollusc,Mollusc
Mimachlamys,Mollusc,Mollusc
Olea,Mollusc,Mollusc
Pinctada,Mollusc,Mollusc
Ruditapes,Mollusc,Mollusc
Sinonovacula,Mollusc,Mollusc
Solen,Mollusc,Mollusc
Stellaria,Mollusc,Mollusc
Callicarpa,Cnidaria,Cnidaria
Coccomyxa,Cnidaria,Cnidaria
Flustra,Aquatic,Aquatic
Spadella,Sagittoidean,Aquatic
Fritillaria,Tunicate,Aquatic
Auxenochlorella,GreenAlgae,Algae
Chlorella,GreenAlgae,Algae
Coccomyxa,GreenAlgae,Algae
Haematococcus,GreenAlgae,Algae
Micractinium,GreenAlgae,Algae
Micromonas,GreenAlgae,Algae
Monoraphidium,GreenAlgae,Algae
Parachlorella,GreenAlgae,Algae
Trebouxia,GreenAlgae,Algae
Volvox,GreenAlgae,Algae
Ceratodon,Moss,Plant
Syntrichia,Moss,Plant
Cryptomeria,Conifer,Plant
Juniperus,Conifer,Plant
Larix,Conifer,Plant
Pseudotsuga,Conifer,Plant
Takakia,Moss,Plant
Arachniopsis,Liverwort,Plant
Chilodonella,Cilliate,Unicellular
Stentor,Cilliate,Unicellular
Sterkiella,Cilliate,Unicellular
Bodo,Diflagellate,Unicellular
Cavenderia,Protist,Unicellular
Heterostelium,Protist,Unicellular
Planoprotostelium,Protist,Unicellular
Schizoplasmodiopsis,Protist,Unicellular
Dictyostelium,Protist,Unicellular
Entamoeba,Protist,Unicellular
Reticulomyxa,Protist,Unicellular
Heterolobosea,Unicellular,Unicellular
Oomycota,Oomycetes,Unicellular
Trichomonas,Protist,Unicellular
Streblomastix,Symbiont,Unicellular
Bangia,RedAlgae,Algae
Neoporphyra,RedAlgae,Algae
Porphyra,RedAlgae,Algae
Chondrus,RedAlgae,Algae
Gracilariopsis,RedAlgae,Algae
Vermamoeba,Protist,Unicellular
Monosiga,Choanoflagellate,Unicellular
Salpingoeca,Choanoflagellate,Unicellular
Nannochloropsis,GreenAlgae,Algae
Karenia,Dinoflagellate,Unicellular
Creolimax,Protist,Unicellular
Capsaspora,Eukaryote,Unicellular
Aureococcus,Algae,Algae
Fonticula,SlimeMould,SlimeMould
Larcopyle,Marine,Aquatic
Symbiodinium,Dinoflagellate,Unicellular
Thecamonas,Zooflagellate,Unicellular
